<TextureAtlas imagePath="SWF_Default.png">
  <SubTexture name="img_25Num_~" x="0" y="0" width="10" height="5" frameX="-2" frameWidth="13" frameY="-11" frameHeight="28"/>
  <SubTexture name="img_25Num_7" x="12" y="0" width="11" height="17" frameX="-1" frameWidth="35" frameY="-6" frameHeight="28"/>
  <SubTexture name="img_25Num_:" x="0" y="7" width="3" height="12" frameX="-5" frameWidth="35" frameY="-11" frameHeight="28"/>
  <SubTexture name="img_G30Num_7" x="25" y="0" width="29" height="43" frameX="0" frameWidth="29" frameY="0" frameHeight="44"/>
  <SubTexture name="img_25Num_-" x="0" y="21" width="11" height="2" frameX="-1" frameWidth="35" frameY="-13" frameHeight="28"/>
  <SubTexture name="img_G30Num_8" x="56" y="0" width="29" height="43" frameX="-1" frameWidth="30" frameY="0" frameHeight="44"/>
  <SubTexture name="img_G30Num_9" x="87" y="0" width="30" height="43" frameX="0" frameWidth="31" frameY="0" frameHeight="44"/>
  <SubTexture name="img_半黑" x="119" y="0" width="150" height="150"/>
  <SubTexture name="img_透明" x="0" y="45" width="50" height="50"/>
  <SubTexture name="img_25Num_x" x="13" y="19" width="10" height="12" frameX="-1" frameWidth="35" frameY="-11" frameHeight="28"/>
  <SubTexture name="img_25Num_9" x="0" y="25" width="11" height="17" frameX="-1" frameWidth="36" frameY="-6" frameHeight="28"/>
  <SubTexture name="img_25Num_5" x="0" y="97" width="11" height="17" frameX="-1" frameWidth="36" frameY="-6" frameHeight="28"/>
  <SubTexture name="img_25Num_3" x="0" y="116" width="10" height="17" frameX="-2" frameWidth="36" frameY="-6" frameHeight="28"/>
  <SubTexture name="img_G30FrontWidth" x="0" y="135" width="29" height="43" frameX="0" frameWidth="30" frameY="0" frameHeight="44"/>
  <SubTexture name="img_25Num_)" x="13" y="97" width="6" height="21" frameX="-1" frameWidth="35" frameY="-4" frameHeight="28"/>
  <SubTexture name="img_G30Num_2" x="31" y="97" width="29" height="43" frameX="0" frameWidth="29" frameY="0" frameHeight="44"/>
  <SubTexture name="img_G30Num_3" x="52" y="45" width="28" height="43" frameX="0" frameWidth="29" frameY="0" frameHeight="44"/>
  <SubTexture name="img_G30Num_4" x="31" y="142" width="29" height="43" frameX="0" frameWidth="30" frameY="0" frameHeight="44"/>
  <SubTexture name="img_Btn登录注册nor" x="62" y="152" width="136" height="52"/>
  <SubTexture name="img_25Num_0" x="62" y="90" width="11" height="17" frameX="-1" frameWidth="35" frameY="-6" frameHeight="28"/>
  <SubTexture name="img_G30Num_5" x="75" y="90" width="31" height="42" frameX="0" frameWidth="31" frameY="0" frameHeight="44"/>
  <SubTexture name="img_Btn登录注册down" x="200" y="152" width="136" height="52"/>
  <SubTexture name="img_25FrontWidth" x="5" y="19" width="0" height="0" frameX="0" frameWidth="13" frameY="0" frameHeight="28"/>
  <SubTexture name="img_头像女" x="271" y="0" width="50" height="50" frameX="0" frameWidth="51" frameY="0" frameHeight="50"/>
  <SubTexture name="img_25Num_X" x="62" y="109" width="11" height="17" frameX="-1" frameWidth="35" frameY="-6" frameHeight="28"/>
  <SubTexture name="img_G30Num_6" x="82" y="45" width="29" height="42" frameX="0" frameWidth="31" frameY="0" frameHeight="44"/>
  <SubTexture name="img_25Num_1" x="62" y="128" width="6" height="17" frameX="-3" frameWidth="36" frameY="-6" frameHeight="28"/>
  <SubTexture name="img_头像男" x="323" y="0" width="50" height="50"/>
  <SubTexture name="img_25Num_6" x="271" y="52" width="11" height="17" frameX="-1" frameWidth="35" frameY="-6" frameHeight="28"/>
  <SubTexture name="img_LBProgress" x="284" y="52" width="359" height="15" frameX="0" frameWidth="360" frameY="0" frameHeight="15"/>
  <SubTexture name="img_G30Num_0" x="375" y="0" width="28" height="43" frameX="-1" frameWidth="31" frameY="0" frameHeight="44"/>
  <SubTexture name="img_25Num_%" x="405" y="0" width="11" height="17" frameX="-1" frameWidth="35" frameY="-6" frameHeight="28"/>
  <SubTexture name="img_25Num_小数点" x="52" y="90" width="2" height="3" frameX="-5" frameWidth="37" frameY="-20" frameHeight="28"/>
  <SubTexture name="img_25Num_4" x="418" y="0" width="12" height="17" frameX="-1" frameWidth="35" frameY="-6" frameHeight="28"/>
  <SubTexture name="img_25Num_/" x="432" y="0" width="11" height="19" frameX="-1" frameWidth="35" frameY="-5" frameHeight="28"/>
  <SubTexture name="img_25Num_→" x="12" y="120" width="13" height="13" frameX="0" frameWidth="13" frameY="-8" frameHeight="28"/>
  <SubTexture name="img_25Num_(" x="21" y="97" width="6" height="21" frameX="-6" frameWidth="35" frameY="-4" frameHeight="28"/>
  <SubTexture name="img_25Num_8" x="405" y="19" width="11" height="17" frameX="-1" frameWidth="36" frameY="-6" frameHeight="28"/>
  <SubTexture name="img_25Num_+" x="418" y="19" width="11" height="12" frameX="-1" frameWidth="35" frameY="-8" frameHeight="28"/>
  <SubTexture name="img_25Num_2" x="445" y="0" width="11" height="17" frameX="-1" frameWidth="36" frameY="-6" frameHeight="28"/>
  <SubTexture name="img_G30Num_1" x="458" y="0" width="21" height="42" frameX="0" frameWidth="21" frameY="0" frameHeight="44"/>
  <SubTexture name="img_img提示框横条" x="405" y="44" width="556" height="3"/>
  <SubTexture name="s9_Alertb1" x="338" y="69" width="146" height="115"/>
</TextureAtlas>