<?xml version="1.0" encoding="UTF-8" standalone="no" ?>
<!--
	Usage:
	To localize the description, use the following format for the description element.
	<description>
	<text xml:lang="en">English App description goes here</text>
	<text xml:lang="fr">French App description goes here</text>
	<text xml:lang="ja">Japanese App description goes here</text>
	</description>
	To localize the name, use the following format for the name element.
	<name>
	<text xml:lang="en">English App name goes here</text>
	<text xml:lang="fr">French App name goes here</text>
	<text xml:lang="ja">Japanese App name goes here</text>
	</name>
-->
<application xmlns="http://ns.adobe.com/air/application/23.0">
  <id>noName</id>
  <versionNumber>1.0</versionNumber>
  <filename>AIR加载网页并显示控制2（简单的浏览器）（StageWebView）</filename>
  <description/>
  <name>AIR加载网页并显示控制2（简单的浏览器）（StageWebView）</name>
  <copyright/>
  <initialWindow>
    <content>AIR加载网页并显示控制2（简单的浏览器）（StageWebView）.swf</content>
    <systemChrome>standard</systemChrome>
    <transparent>false</transparent>
    <visible>true</visible>
    <fullScreen>false</fullScreen>
    <aspectRatio>portrait</aspectRatio>
    <renderMode>auto</renderMode>
  </initialWindow>
  <icon/>
  <customUpdateUI>false</customUpdateUI>
  <allowBrowserInvocation>false</allowBrowserInvocation>
</application>
