<?xml version="1.0" encoding="utf-8" standalone="no" ?>
<!-- 
	Usage:

	To localize the description, use the following format for the description element.
	<description>
	<text xml:lang="en">English App description goes here</text>
	<text xml:lang="fr">French App description goes here</text>
	<text xml:lang="ja">Japanese App description goes here</text>
	</description>

	To localize the name, use the following format for the name element.
	<name>
	<text xml:lang="en">English App name goes here</text>
	<text xml:lang="fr">French App name goes here</text>
	<text xml:lang="ja">Japanese App name goes here</text>
	</name>
-->
<application xmlns="http://ns.adobe.com/air/application/23.0">
  <id>Monster-Debugger</id>
  <versionNumber>1.0</versionNumber>
  <filename>Monster Debugger 本程序外壳EXE由TKCB制作提供（Website：www.tkcb.cc，E-mail：tkcb@qq.com）</filename>
  <description>Monster Debugger
本程序外壳EXE由TKCB制作提供（Website：www.tkcb.cc，E-mail：tkcb@qq.com）</description>
  <name>Monster Debugger 本程序外壳EXE由TKCB制作提供（Website：www.tkcb.cc，E-mail：tkcb@qq.com）</name>
  <copyright>De Monsters</copyright>
  <initialWindow>
    <content>Monster%20Debugger.swf</content>
    <systemChrome>standard</systemChrome>
    <transparent>false</transparent>
    <visible>true</visible>
    <fullScreen>false</fullScreen>
    <aspectRatio>portrait</aspectRatio>
    <renderMode>auto</renderMode>
    <maximizable>true</maximizable>
    <minimizable>true</minimizable>
    <resizable>true</resizable>
  </initialWindow>
  <icon>
    <image16x16>AppIconsForPublish/16.png</image16x16>
    <image32x32>AppIconsForPublish/32.png</image32x32>
    <image48x48>AppIconsForPublish/48.png</image48x48>
    <image128x128>AppIconsForPublish/128.png</image128x128>
  </icon>
  <customUpdateUI>false</customUpdateUI>
  <allowBrowserInvocation>false</allowBrowserInvocation>
  <supportedProfiles>extendedDesktop </supportedProfiles>
</application>
