<?xml version="1.0" encoding="UTF-8" standalone="no" ?>
<application xmlns="http://ns.adobe.com/air/application/23.0">
  <id>com.adobe.example.date-tool</id>
  <filename>date tool</filename>
  <description/>

  

  <!-- To localize the description, use the following format for the description element.<description><text xml:lang="en">English App description goes here</text><text xml:lang="fr">French App description goes here</text><text xml:lang="ja">Japanese App description goes here</text></description>-->
  <name>date tool</name>

  

  <!-- To localize the name, use the following format for the name element.<name><text xml:lang="en">English App name goes here</text><text xml:lang="fr">French App name goes here</text><text xml:lang="ja">Japanese App name goes here</text></name>-->
  <copyright/>
  <initialWindow>
    <content>date%20tool.swf</content>
    <systemChrome>none</systemChrome>
    <transparent>true</transparent>
    <visible>true</visible>
    <maximizable>true</maximizable>
    <minimizable>true</minimizable>
    <resizable>true</resizable>
    <renderMode>auto</renderMode>
  </initialWindow>
  <icon>
    <image128x128>log/log_128.png</image128x128>
    <image48x48>log/log_48.png</image48x48>
    <image32x32>log/log_32.png</image32x32>
    <image16x16>log/log_16.png</image16x16>
  </icon>
  <customUpdateUI>false</customUpdateUI>
  <allowBrowserInvocation>false</allowBrowserInvocation>
  <versionNumber>1.0</versionNumber>
</application>
