{

"frames":{
"img_1-8.png":{"spriteSourceSize":{"y":2,"x":3},"sourceSize":{"w":76,"h":84},"trimmed":true,"frame":{"x":622,"y":585,"w":73,"h":84},"rotated":false},
"img_2-16.png":{"spriteSourceSize":{"y":0,"x":3},"sourceSize":{"w":64,"h":78},"trimmed":true,"frame":{"x":452,"y":696,"w":59,"h":78},"rotated":false},
"img_1-16.png":{"spriteSourceSize":{"y":2,"x":1},"sourceSize":{"w":72,"h":71},"trimmed":true,"frame":{"x":672,"y":512,"w":68,"h":71},"rotated":false},
"img_2-15.png":{"spriteSourceSize":{"y":2,"x":2},"sourceSize":{"w":60,"h":79},"trimmed":true,"frame":{"x":563,"y":625,"w":57,"h":79},"rotated":false},
"img_18Num_小数点.png":{"spriteSourceSize":{"y":19,"x":5},"sourceSize":{"w":13,"h":3},"trimmed":true,"frame":{"x":143,"y":310,"w":3,"h":3},"rotated":false},
"img_2-4.png":{"spriteSourceSize":{"y":1,"x":3},"sourceSize":{"w":64,"h":74},"trimmed":true,"frame":{"x":33,"y":515,"w":60,"h":74},"rotated":false},
"img_3-35.png":{"spriteSourceSize":{"y":3,"x":3},"sourceSize":{"w":72,"h":65},"trimmed":true,"frame":{"x":689,"y":900,"w":66,"h":65},"rotated":false},
"img_1-14.png":{"spriteSourceSize":{"y":1,"x":1},"sourceSize":{"w":72,"h":72},"trimmed":true,"frame":{"x":822,"y":851,"w":68,"h":72},"rotated":false},
"img_TX_A.png":{"spriteSourceSize":{"y":5,"x":3},"sourceSize":{"w":19,"h":12},"trimmed":true,"frame":{"x":190,"y":320,"w":11,"h":12},"rotated":false},
"img_18Num_%.png":{"spriteSourceSize":{"y":8,"x":0},"sourceSize":{"w":13,"h":12},"trimmed":true,"frame":{"x":220,"y":863,"w":13,"h":12},"rotated":false},
"img_18Num_→.png":{"spriteSourceSize":{"y":10,"x":0},"sourceSize":{"w":13,"h":7},"trimmed":true,"frame":{"x":128,"y":310,"w":13,"h":7},"rotated":false},
"img_4-26.png":{"spriteSourceSize":{"y":2,"x":2},"sourceSize":{"w":100,"h":60},"trimmed":true,"frame":{"x":236,"y":818,"w":97,"h":60},"rotated":false},
"img_4-11.png":{"spriteSourceSize":{"y":0,"x":2},"sourceSize":{"w":88,"h":65},"trimmed":true,"frame":{"x":404,"y":332,"w":86,"h":65},"rotated":false},
"img_18Num_-.png":{"spriteSourceSize":{"y":15,"x":3},"sourceSize":{"w":13,"h":2},"trimmed":true,"frame":{"x":81,"y":83,"w":7,"h":2},"rotated":false},
"img_2-5.png":{"spriteSourceSize":{"y":0,"x":3},"sourceSize":{"w":68,"h":72},"trimmed":true,"frame":{"x":340,"y":104,"w":64,"h":72},"rotated":false},
"img_4-14.png":{"spriteSourceSize":{"y":2,"x":3},"sourceSize":{"w":76,"h":72},"trimmed":true,"frame":{"x":616,"y":0,"w":71,"h":72},"rotated":false},
"img_3-16.png":{"spriteSourceSize":{"y":3,"x":3},"sourceSize":{"w":112,"h":67},"trimmed":true,"frame":{"x":535,"y":333,"w":108,"h":67},"rotated":false},
"img_3-6.png":{"spriteSourceSize":{"y":1,"x":1},"sourceSize":{"w":32,"h":65},"trimmed":true,"frame":{"x":249,"y":334,"w":31,"h":65},"rotated":false},
"img_2-21.png":{"spriteSourceSize":{"y":2,"x":0},"sourceSize":{"w":64,"h":76},"trimmed":true,"frame":{"x":448,"y":874,"w":64,"h":76},"rotated":false},
"img_2-27.png":{"spriteSourceSize":{"y":1,"x":1},"sourceSize":{"w":92,"h":53},"trimmed":true,"frame":{"x":850,"y":141,"w":91,"h":53},"rotated":false},
"img_1-3.png":{"spriteSourceSize":{"y":1,"x":1},"sourceSize":{"w":44,"h":96},"trimmed":true,"frame":{"x":293,"y":446,"w":40,"h":96},"rotated":false},
"img_4-13.png":{"spriteSourceSize":{"y":1,"x":3},"sourceSize":{"w":44,"h":71},"trimmed":true,"frame":{"x":492,"y":332,"w":41,"h":71},"rotated":false},
"img_4-4.png":{"spriteSourceSize":{"y":1,"x":2},"sourceSize":{"w":52,"h":74},"trimmed":true,"frame":{"x":850,"y":65,"w":49,"h":74},"rotated":false},
"img_2-17.png":{"spriteSourceSize":{"y":3,"x":1},"sourceSize":{"w":60,"h":79},"trimmed":true,"frame":{"x":452,"y":776,"w":58,"h":79},"rotated":false},
"img_4-35.png":{"spriteSourceSize":{"y":0,"x":3},"sourceSize":{"w":96,"h":54},"trimmed":true,"frame":{"x":689,"y":967,"w":93,"h":54},"rotated":false},
"img_3-38.png":{"spriteSourceSize":{"y":2,"x":2},"sourceSize":{"w":68,"h":66},"trimmed":true,"frame":{"x":798,"y":268,"w":66,"h":66},"rotated":false},
"img_1-35.png":{"spriteSourceSize":{"y":0,"x":2},"sourceSize":{"w":72,"h":86},"trimmed":true,"frame":{"x":0,"y":866,"w":68,"h":86},"rotated":false},
"img_18Num_).png":{"spriteSourceSize":{"y":7,"x":5},"sourceSize":{"w":13,"h":17},"trimmed":true,"frame":{"x":320,"y":68,"w":5,"h":17},"rotated":false},
"img_3-17.png":{"spriteSourceSize":{"y":0,"x":3},"sourceSize":{"w":68,"h":66},"trimmed":true,"frame":{"x":622,"y":259,"w":65,"h":66},"rotated":false},
"img_TX_S.png":{"spriteSourceSize":{"y":1,"x":0},"sourceSize":{"w":9,"h":14},"trimmed":true,"frame":{"x":250,"y":52,"w":8,"h":14},"rotated":false},
"img_3-13.png":{"spriteSourceSize":{"y":0,"x":0},"sourceSize":{"w":68,"h":62},"trimmed":true,"frame":{"x":534,"y":195,"w":66,"h":62},"rotated":false},
"img_1-7.png":{"spriteSourceSize":{"y":1,"x":3},"sourceSize":{"w":76,"h":85},"trimmed":true,"frame":{"x":891,"y":925,"w":72,"h":85},"rotated":false},
"img_1-20.png":{"spriteSourceSize":{"y":3,"x":2},"sourceSize":{"w":44,"h":67},"trimmed":true,"frame":{"x":95,"y":584,"w":40,"h":67},"rotated":false},
"img_4-34.png":{"spriteSourceSize":{"y":1,"x":2},"sourceSize":{"w":92,"h":57},"trimmed":true,"frame":{"x":689,"y":841,"w":89,"h":57},"rotated":false},
"img_CD圆.png":{"spriteSourceSize":{"y":2,"x":2},"sourceSize":{"w":54,"h":50},"trimmed":true,"frame":{"x":612,"y":140,"w":50,"h":50},"rotated":false},
"img_1-29.png":{"spriteSourceSize":{"y":0,"x":2},"sourceSize":{"w":76,"h":67},"trimmed":true,"frame":{"x":0,"y":591,"w":74,"h":67},"rotated":false},
"img_18Num_x.png":{"spriteSourceSize":{"y":11,"x":4},"sourceSize":{"w":13,"h":10},"trimmed":true,"frame":{"x":20,"y":544,"w":8,"h":10},"rotated":false},
"img_4-19.png":{"spriteSourceSize":{"y":1,"x":3},"sourceSize":{"w":72,"h":66},"trimmed":true,"frame":{"x":499,"y":479,"w":67,"h":66},"rotated":false},
"img_1-23.png":{"spriteSourceSize":{"y":3,"x":2},"sourceSize":{"w":44,"h":67},"trimmed":true,"frame":{"x":136,"y":863,"w":40,"h":67},"rotated":false},
"img_3-36.png":{"spriteSourceSize":{"y":2,"x":0},"sourceSize":{"w":68,"h":66},"trimmed":true,"frame":{"x":822,"y":925,"w":67,"h":66},"rotated":false},
"img_TX_D.png":{"spriteSourceSize":{"y":2,"x":0},"sourceSize":{"w":12,"h":12},"trimmed":true,"frame":{"x":203,"y":320,"w":10,"h":12},"rotated":false},
"img_1-15.png":{"spriteSourceSize":{"y":2,"x":1},"sourceSize":{"w":72,"h":71},"trimmed":true,"frame":{"x":759,"y":379,"w":68,"h":71},"rotated":false},
"img_2-28.png":{"spriteSourceSize":{"y":2,"x":0},"sourceSize":{"w":100,"h":59},"trimmed":true,"frame":{"x":912,"y":0,"w":100,"h":59},"rotated":false},
"img_2-7.png":{"spriteSourceSize":{"y":3,"x":1},"sourceSize":{"w":100,"h":71},"trimmed":true,"frame":{"x":340,"y":178,"w":98,"h":71},"rotated":false},
"img_1-19.png":{"spriteSourceSize":{"y":2,"x":2},"sourceSize":{"w":44,"h":68},"trimmed":true,"frame":{"x":251,"y":473,"w":40,"h":68},"rotated":false},
"img_4-7.png":{"spriteSourceSize":{"y":1,"x":0},"sourceSize":{"w":96,"h":64},"trimmed":true,"frame":{"x":742,"y":526,"w":95,"h":64},"rotated":false},
"img_1-22.png":{"spriteSourceSize":{"y":3,"x":2},"sourceSize":{"w":44,"h":67},"trimmed":true,"frame":{"x":178,"y":863,"w":40,"h":67},"rotated":false},
"img_18Num_~.png":{"spriteSourceSize":{"y":13,"x":2},"sourceSize":{"w":13,"h":4},"trimmed":true,"frame":{"x":13,"y":577,"w":9,"h":4},"rotated":false},
"img_3-18.png":{"spriteSourceSize":{"y":0,"x":3},"sourceSize":{"w":68,"h":66},"trimmed":true,"frame":{"x":671,"y":140,"w":65,"h":66},"rotated":false},
"img_2-6.png":{"spriteSourceSize":{"y":3,"x":3},"sourceSize":{"w":68,"h":65},"trimmed":true,"frame":{"x":95,"y":517,"w":64,"h":65},"rotated":false},
"img_18Num_(.png":{"spriteSourceSize":{"y":7,"x":3},"sourceSize":{"w":13,"h":17},"trimmed":true,"frame":{"x":24,"y":556,"w":5,"h":17},"rotated":false},
"img_3-4.png":{"spriteSourceSize":{"y":1,"x":0},"sourceSize":{"w":32,"h":65},"trimmed":true,"frame":{"x":784,"y":949,"w":32,"h":65},"rotated":false},
"img_1-28.png":{"spriteSourceSize":{"y":0,"x":2},"sourceSize":{"w":76,"h":67},"trimmed":true,"frame":{"x":432,"y":69,"w":74,"h":67},"rotated":false},
"img_3-12.png":{"spriteSourceSize":{"y":0,"x":0},"sourceSize":{"w":68,"h":62},"trimmed":true,"frame":{"x":602,"y":195,"w":67,"h":62},"rotated":false},
"img_2-1.png":{"spriteSourceSize":{"y":1,"x":1},"sourceSize":{"w":60,"h":74},"trimmed":true,"frame":{"x":552,"y":108,"w":58,"h":74},"rotated":false},
"img_2-18.png":{"spriteSourceSize":{"y":2,"x":3},"sourceSize":{"w":60,"h":79},"trimmed":true,"frame":{"x":70,"y":866,"w":56,"h":79},"rotated":false},
"img_3-15.png":{"spriteSourceSize":{"y":2,"x":3},"sourceSize":{"w":100,"h":64},"trimmed":true,"frame":{"x":616,"y":74,"w":94,"h":64},"rotated":false},
"img_3-39.png":{"spriteSourceSize":{"y":1,"x":3},"sourceSize":{"w":96,"h":63},"trimmed":true,"frame":{"x":829,"y":336,"w":93,"h":63},"rotated":false},
"img_18Num_2.png":{"spriteSourceSize":{"y":7,"x":3},"sourceSize":{"w":13,"h":14},"trimmed":true,"frame":{"x":240,"y":52,"w":8,"h":14},"rotated":false},
"img_3-37.png":{"spriteSourceSize":{"y":2,"x":1},"sourceSize":{"w":68,"h":66},"trimmed":true,"frame":{"x":901,"y":65,"w":66,"h":66},"rotated":false},
"img_2-25.png":{"spriteSourceSize":{"y":3,"x":1},"sourceSize":{"w":100,"h":60},"trimmed":true,"frame":{"x":798,"y":206,"w":97,"h":60},"rotated":false},
"img_3-8.png":{"spriteSourceSize":{"y":1,"x":3},"sourceSize":{"w":36,"h":81},"trimmed":true,"frame":{"x":216,"y":473,"w":33,"h":81},"rotated":false},
"img_3-14.png":{"spriteSourceSize":{"y":0,"x":3},"sourceSize":{"w":72,"h":62},"trimmed":true,"frame":{"x":689,"y":0,"w":66,"h":62},"rotated":false},
"img_18Num_+.png":{"spriteSourceSize":{"y":10,"x":2},"sourceSize":{"w":13,"h":10},"trimmed":true,"frame":{"x":704,"y":760,"w":9,"h":10},"rotated":false},
"img_3-27.png":{"spriteSourceSize":{"y":1,"x":3},"sourceSize":{"w":40,"h":71},"trimmed":true,"frame":{"x":335,"y":818,"w":35,"h":71},"rotated":false},
"img_4-16.png":{"spriteSourceSize":{"y":2,"x":0},"sourceSize":{"w":92,"h":72},"trimmed":true,"frame":{"x":499,"y":405,"w":91,"h":72},"rotated":false},
"img_1-34.png":{"spriteSourceSize":{"y":1,"x":2},"sourceSize":{"w":72,"h":85},"trimmed":true,"frame":{"x":0,"y":0,"w":68,"h":85},"rotated":false},
"img_18Num_3.png":{"spriteSourceSize":{"y":7,"x":3},"sourceSize":{"w":13,"h":15},"trimmed":true,"frame":{"x":232,"y":84,"w":8,"h":15},"rotated":false},
"img_4-5.png":{"spriteSourceSize":{"y":3,"x":0},"sourceSize":{"w":52,"h":72},"trimmed":true,"frame":{"x":768,"y":452,"w":50,"h":72},"rotated":false},
"img_3-19.png":{"spriteSourceSize":{"y":0,"x":0},"sourceSize":{"w":68,"h":66},"trimmed":true,"frame":{"x":499,"y":547,"w":65,"h":66},"rotated":false},
"img_1-27.png":{"spriteSourceSize":{"y":0,"x":2},"sourceSize":{"w":76,"h":67},"trimmed":true,"frame":{"x":432,"y":0,"w":74,"h":67},"rotated":false},
"img_4-15.png":{"spriteSourceSize":{"y":2,"x":2},"sourceSize":{"w":88,"h":72},"trimmed":true,"frame":{"x":535,"y":259,"w":85,"h":72},"rotated":false},
"img_1-1.png":{"spriteSourceSize":{"y":1,"x":1},"sourceSize":{"w":44,"h":96},"trimmed":true,"frame":{"x":969,"y":61,"w":40,"h":96},"rotated":false},
"img_1-36.png":{"spriteSourceSize":{"y":0,"x":3},"sourceSize":{"w":72,"h":86},"trimmed":true,"frame":{"x":128,"y":932,"w":67,"h":86},"rotated":false},
"img_2-26.png":{"spriteSourceSize":{"y":2,"x":1},"sourceSize":{"w":96,"h":58},"trimmed":true,"frame":{"x":672,"y":452,"w":94,"h":58},"rotated":false},
"img_3-7.png":{"spriteSourceSize":{"y":3,"x":1},"sourceSize":{"w":56,"h":71},"trimmed":true,"frame":{"x":161,"y":517,"w":53,"h":71},"rotated":false},
"img_4-9.png":{"spriteSourceSize":{"y":2,"x":3},"sourceSize":{"w":96,"h":67},"trimmed":true,"frame":{"x":791,"y":592,"w":92,"h":67},"rotated":false},
"img_cdBlack.png":{"spriteSourceSize":{"y":2,"x":2},"sourceSize":{"w":54,"h":50},"trimmed":true,"frame":{"x":335,"y":446,"w":50,"h":50},"rotated":false},
"img_G1.png":{"spriteSourceSize":{"y":0,"x":0},"sourceSize":{"w":102,"h":102},"trimmed":true,"frame":{"x":920,"y":196,"w":102,"h":102},"rotated":false},
"img_3-28.png":{"spriteSourceSize":{"y":0,"x":3},"sourceSize":{"w":36,"h":72},"trimmed":true,"frame":{"x":404,"y":251,"w":32,"h":72},"rotated":false},
"img_4-17.png":{"spriteSourceSize":{"y":2,"x":3},"sourceSize":{"w":100,"h":72},"trimmed":true,"frame":{"x":712,"y":64,"w":95,"h":72},"rotated":false},
"img_4-3.png":{"spriteSourceSize":{"y":3,"x":0},"sourceSize":{"w":48,"h":76},"trimmed":true,"frame":{"x":513,"y":696,"w":48,"h":76},"rotated":false},
"img_2-10.png":{"spriteSourceSize":{"y":3,"x":3},"sourceSize":{"w":104,"h":67},"trimmed":true,"frame":{"x":355,"y":570,"w":101,"h":67},"rotated":false},
"img_18Num_4.png":{"spriteSourceSize":{"y":7,"x":2},"sourceSize":{"w":13,"h":14},"trimmed":true,"frame":{"x":232,"y":101,"w":10,"h":14},"rotated":false},
"img_4-8.png":{"spriteSourceSize":{"y":2,"x":0},"sourceSize":{"w":100,"h":67},"trimmed":true,"frame":{"x":820,"y":452,"w":98,"h":67},"rotated":false},
"img_1-11.png":{"spriteSourceSize":{"y":2,"x":3},"sourceSize":{"w":80,"h":84},"trimmed":true,"frame":{"x":372,"y":818,"w":74,"h":84},"rotated":false},
"img_3-42.png":{"spriteSourceSize":{"y":1,"x":0},"sourceSize":{"w":64,"h":66},"trimmed":true,"frame":{"x":99,"y":66,"w":64,"h":66},"rotated":false},
"img_4-28.png":{"spriteSourceSize":{"y":0,"x":1},"sourceSize":{"w":92,"h":54},"trimmed":true,"frame":{"x":0,"y":954,"w":88,"h":54},"rotated":false},
"img_3-41.png":{"spriteSourceSize":{"y":0,"x":3},"sourceSize":{"w":68,"h":67},"trimmed":true,"frame":{"x":697,"y":592,"w":65,"h":67},"rotated":false},
"img_vb_back.png":{"spriteSourceSize":{"y":0,"x":0},"sourceSize":{"w":110,"h":110},"trimmed":true,"frame":{"x":387,"y":446,"w":110,"h":110},"rotated":false},
"img_透明.png":{"spriteSourceSize":{"y":0,"x":0},"sourceSize":{"w":30,"h":0},"trimmed":true,"frame":{"x":143,"y":315,"w":0,"h":0},"rotated":false},
"img_1-24.png":{"spriteSourceSize":{"y":3,"x":2},"sourceSize":{"w":44,"h":67},"trimmed":true,"frame":{"x":197,"y":949,"w":40,"h":67},"rotated":false},
"img_4-2.png":{"spriteSourceSize":{"y":3,"x":2},"sourceSize":{"w":48,"h":76},"trimmed":true,"frame":{"x":566,"y":547,"w":44,"h":76},"rotated":false},
"img_TX_X.png":{"spriteSourceSize":{"y":2,"x":0},"sourceSize":{"w":12,"h":12},"trimmed":true,"frame":{"x":0,"y":561,"w":11,"h":12},"rotated":false},
"img_2-3.png":{"spriteSourceSize":{"y":3,"x":3},"sourceSize":{"w":68,"h":64},"trimmed":true,"frame":{"x":70,"y":0,"w":64,"h":64},"rotated":false},
"img_1-21.png":{"spriteSourceSize":{"y":3,"x":2},"sourceSize":{"w":44,"h":67},"trimmed":true,"frame":{"x":216,"y":556,"w":40,"h":67},"rotated":false},
"img_2-29.png":{"spriteSourceSize":{"y":2,"x":1},"sourceSize":{"w":100,"h":57},"trimmed":true,"frame":{"x":0,"y":87,"w":97,"h":57},"rotated":false},
"img_1-25.png":{"spriteSourceSize":{"y":0,"x":0},"sourceSize":{"w":72,"h":67},"trimmed":true,"frame":{"x":220,"y":880,"w":72,"h":67},"rotated":false},
"img_1-33.png":{"spriteSourceSize":{"y":0,"x":2},"sourceSize":{"w":72,"h":86},"trimmed":true,"frame":{"x":136,"y":134,"w":68,"h":86},"rotated":false},
"img_4-31.png":{"spriteSourceSize":{"y":1,"x":3},"sourceSize":{"w":44,"h":73},"trimmed":true,"frame":{"x":755,"y":206,"w":41,"h":73},"rotated":false},
"img_3-2.png":{"spriteSourceSize":{"y":3,"x":0},"sourceSize":{"w":40,"h":67},"trimmed":true,"frame":{"x":458,"y":615,"w":39,"h":67},"rotated":false},
"img_1-26.png":{"spriteSourceSize":{"y":0,"x":3},"sourceSize":{"w":76,"h":67},"trimmed":true,"frame":{"x":137,"y":590,"w":73,"h":67},"rotated":false},
"img_2-30.png":{"spriteSourceSize":{"y":1,"x":1},"sourceSize":{"w":96,"h":50},"trimmed":true,"frame":{"x":165,"y":0,"w":94,"h":50},"rotated":false},
"img_1-4.png":{"spriteSourceSize":{"y":1,"x":1},"sourceSize":{"w":44,"h":96},"trimmed":true,"frame":{"x":294,"y":891,"w":40,"h":96},"rotated":false},
"img_4-20.png":{"spriteSourceSize":{"y":2,"x":1},"sourceSize":{"w":48,"h":65},"trimmed":true,"frame":{"x":242,"y":682,"w":44,"h":65},"rotated":false},
"img_4-29.png":{"spriteSourceSize":{"y":2,"x":0},"sourceSize":{"w":88,"h":52},"trimmed":true,"frame":{"x":638,"y":706,"w":85,"h":52},"rotated":false},
"img_3-43.png":{"spriteSourceSize":{"y":1,"x":2},"sourceSize":{"w":68,"h":66},"trimmed":true,"frame":{"x":165,"y":52,"w":65,"h":66},"rotated":false},
"img_4-1.png":{"spriteSourceSize":{"y":2,"x":1},"sourceSize":{"w":68,"h":69},"trimmed":true,"frame":{"x":258,"y":544,"w":67,"h":69},"rotated":false},
"img_G2.png":{"spriteSourceSize":{"y":0,"x":0},"sourceSize":{"w":102,"h":102},"trimmed":true,"frame":{"x":328,"y":0,"w":102,"h":102},"rotated":false},
"img_3-30.png":{"spriteSourceSize":{"y":0,"x":3},"sourceSize":{"w":36,"h":72},"trimmed":true,"frame":{"x":239,"y":949,"w":31,"h":72},"rotated":false},
"img_Item1.png":{"spriteSourceSize":{"y":0,"x":0},"sourceSize":{"w":103,"h":190},"trimmed":true,"frame":{"x":299,"y":254,"w":103,"h":190},"rotated":false},
"img_2-8.png":{"spriteSourceSize":{"y":2,"x":0},"sourceSize":{"w":96,"h":65},"trimmed":true,"frame":{"x":258,"y":615,"w":95,"h":65},"rotated":false},
"img_IIcon_1.png":{"spriteSourceSize":{"y":14,"x":35},"sourceSize":{"w":110,"h":61},"trimmed":true,"frame":{"x":206,"y":120,"w":60,"h":61},"rotated":false},
"img_18Num_5.png":{"spriteSourceSize":{"y":7,"x":3},"sourceSize":{"w":13,"h":15},"trimmed":true,"frame":{"x":0,"y":544,"w":8,"h":15},"rotated":false},
"img_3-44.png":{"spriteSourceSize":{"y":1,"x":3},"sourceSize":{"w":68,"h":66},"trimmed":true,"frame":{"x":261,"y":0,"w":65,"h":66},"rotated":false},
"img_1-17.png":{"spriteSourceSize":{"y":2,"x":1},"sourceSize":{"w":72,"h":71},"trimmed":true,"frame":{"x":0,"y":660,"w":68,"h":71},"rotated":false},
"img_3-21.png":{"spriteSourceSize":{"y":3,"x":2},"sourceSize":{"w":68,"h":67},"trimmed":true,"frame":{"x":68,"y":797,"w":66,"h":67},"rotated":false},
"img_4-27.png":{"spriteSourceSize":{"y":2,"x":1},"sourceSize":{"w":92,"h":56},"trimmed":true,"frame":{"x":666,"y":394,"w":91,"h":56},"rotated":false},
"img_3-20.png":{"spriteSourceSize":{"y":3,"x":3},"sourceSize":{"w":72,"h":67},"trimmed":true,"frame":{"x":242,"y":749,"w":66,"h":67},"rotated":false},
"img_3-3.png":{"spriteSourceSize":{"y":1,"x":1},"sourceSize":{"w":36,"h":65},"trimmed":true,"frame":{"x":90,"y":947,"w":35,"h":65},"rotated":false},
"img_18Num_/.png":{"spriteSourceSize":{"y":7,"x":4},"sourceSize":{"w":13,"h":17},"trimmed":true,"frame":{"x":70,"y":66,"w":9,"h":17},"rotated":false},
"img_1-5.png":{"spriteSourceSize":{"y":1,"x":1},"sourceSize":{"w":44,"h":96},"trimmed":true,"frame":{"x":755,"y":281,"w":40,"h":96},"rotated":false},
"img_2-31.png":{"spriteSourceSize":{"y":3,"x":1},"sourceSize":{"w":64,"h":67},"trimmed":true,"frame":{"x":206,"y":183,"w":63,"h":67},"rotated":false},
"img_3-9.png":{"spriteSourceSize":{"y":0,"x":3},"sourceSize":{"w":84,"h":66},"trimmed":true,"frame":{"x":70,"y":660,"w":78,"h":66},"rotated":false},
"img_4-22.png":{"spriteSourceSize":{"y":0,"x":0},"sourceSize":{"w":52,"h":64},"trimmed":true,"frame":{"x":288,"y":682,"w":49,"h":64},"rotated":false},
"img_18Num_7.png":{"spriteSourceSize":{"y":7,"x":3},"sourceSize":{"w":13,"h":14},"trimmed":true,"frame":{"x":10,"y":544,"w":8,"h":14},"rotated":false},
"img_MapItem1.png":{"spriteSourceSize":{"y":1,"x":0},"sourceSize":{"w":80,"h":78},"trimmed":true,"frame":{"x":0,"y":231,"w":80,"h":78},"rotated":false},
"img_2-19.png":{"spriteSourceSize":{"y":0,"x":0},"sourceSize":{"w":60,"h":76},"trimmed":true,"frame":{"x":612,"y":471,"w":58,"h":76},"rotated":false},
"img_4-21.png":{"spriteSourceSize":{"y":0,"x":3},"sourceSize":{"w":52,"h":63},"trimmed":true,"frame":{"x":0,"y":801,"w":48,"h":63},"rotated":false},
"img_vb_now.png":{"spriteSourceSize":{"y":0,"x":0},"sourceSize":{"w":66,"h":66},"trimmed":true,"frame":{"x":0,"y":733,"w":66,"h":66},"rotated":false},
"img_2-11.png":{"spriteSourceSize":{"y":2,"x":1},"sourceSize":{"w":100,"h":64},"trimmed":true,"frame":{"x":136,"y":797,"w":98,"h":64},"rotated":false},
"img_3-1.png":{"spriteSourceSize":{"y":0,"x":0},"sourceSize":{"w":44,"h":70},"trimmed":true,"frame":{"x":335,"y":498,"w":43,"h":70},"rotated":false},
"img_2-32.png":{"spriteSourceSize":{"y":3,"x":1},"sourceSize":{"w":64,"h":60},"trimmed":true,"frame":{"x":268,"y":104,"w":61,"h":60},"rotated":false},
"img_2-20.png":{"spriteSourceSize":{"y":3,"x":0},"sourceSize":{"w":64,"h":76},"trimmed":true,"frame":{"x":638,"y":760,"w":64,"h":76},"rotated":false},
"img_1-32.png":{"spriteSourceSize":{"y":0,"x":3},"sourceSize":{"w":72,"h":86},"trimmed":true,"frame":{"x":82,"y":222,"w":67,"h":86},"rotated":false},
"img_影子.png":{"spriteSourceSize":{"y":0,"x":0},"sourceSize":{"w":76,"h":18},"trimmed":true,"frame":{"x":242,"y":68,"w":76,"h":18},"rotated":false},
"img_3-45.png":{"spriteSourceSize":{"y":1,"x":3},"sourceSize":{"w":72,"h":66},"trimmed":true,"frame":{"x":151,"y":252,"w":66,"h":66},"rotated":false},
"img_主角方向.png":{"spriteSourceSize":{"y":0,"x":0},"sourceSize":{"w":110,"h":55},"trimmed":true,"frame":{"x":440,"y":138,"w":110,"h":55},"rotated":false},
"img_2-12.png":{"spriteSourceSize":{"y":1,"x":0},"sourceSize":{"w":96,"h":65},"trimmed":true,"frame":{"x":339,"y":751,"w":95,"h":65},"rotated":false},
"img_18Num_8.png":{"spriteSourceSize":{"y":7,"x":2},"sourceSize":{"w":13,"h":15},"trimmed":true,"frame":{"x":244,"y":88,"w":10,"h":15},"rotated":false},
"img_2-33.png":{"spriteSourceSize":{"y":2,"x":1},"sourceSize":{"w":56,"h":62},"trimmed":true,"frame":{"x":77,"y":146,"w":55,"h":62},"rotated":false},
"img_1-12.png":{"spriteSourceSize":{"y":2,"x":3},"sourceSize":{"w":76,"h":84},"trimmed":true,"frame":{"x":563,"y":706,"w":73,"h":84},"rotated":false},
"img_3-40.png":{"spriteSourceSize":{"y":3,"x":0},"sourceSize":{"w":108,"h":56},"trimmed":true,"frame":{"x":839,"y":521,"w":108,"h":56},"rotated":false},
"img_18Num_6.png":{"spriteSourceSize":{"y":7,"x":3},"sourceSize":{"w":13,"h":15},"trimmed":true,"frame":{"x":13,"y":560,"w":9,"h":15},"rotated":false},
"img_3-23.png":{"spriteSourceSize":{"y":3,"x":1},"sourceSize":{"w":76,"h":67},"trimmed":true,"frame":{"x":592,"y":402,"w":72,"h":67},"rotated":false},
"img_3-29.png":{"spriteSourceSize":{"y":0,"x":3},"sourceSize":{"w":36,"h":72},"trimmed":true,"frame":{"x":336,"y":891,"w":31,"h":72},"rotated":false},
"img_1-31.png":{"spriteSourceSize":{"y":0,"x":3},"sourceSize":{"w":72,"h":86},"trimmed":true,"frame":{"x":271,"y":166,"w":67,"h":86},"rotated":false},
"img_4-10.png":{"spriteSourceSize":{"y":3,"x":2},"sourceSize":{"w":92,"h":66},"trimmed":true,"frame":{"x":150,"y":659,"w":90,"h":66},"rotated":false},
"img_3-22.png":{"spriteSourceSize":{"y":3,"x":2},"sourceSize":{"w":68,"h":67},"trimmed":true,"frame":{"x":339,"y":682,"w":66,"h":67},"rotated":false},
"img_3-32.png":{"spriteSourceSize":{"y":2,"x":3},"sourceSize":{"w":36,"h":80},"trimmed":true,"frame":{"x":512,"y":792,"w":33,"h":80},"rotated":false},
"img_18Num_0.png":{"spriteSourceSize":{"y":7,"x":2},"sourceSize":{"w":13,"h":15},"trimmed":true,"frame":{"x":81,"y":66,"w":10,"h":15},"rotated":false},
"img_3-10.png":{"spriteSourceSize":{"y":3,"x":3},"sourceSize":{"w":76,"h":63},"trimmed":true,"frame":{"x":150,"y":727,"w":70,"h":63},"rotated":false},
"img_1-10.png":{"spriteSourceSize":{"y":3,"x":3},"sourceSize":{"w":80,"h":83},"trimmed":true,"frame":{"x":0,"y":146,"w":75,"h":83},"rotated":false},
"img_18Num_9.png":{"spriteSourceSize":{"y":7,"x":3},"sourceSize":{"w":13,"h":15},"trimmed":true,"frame":{"x":256,"y":88,"w":8,"h":15},"rotated":false},
"img_2-13.png":{"spriteSourceSize":{"y":0,"x":3},"sourceSize":{"w":68,"h":79},"trimmed":true,"frame":{"x":689,"y":208,"w":64,"h":79},"rotated":false},
"img_3-31.png":{"spriteSourceSize":{"y":3,"x":1},"sourceSize":{"w":56,"h":76},"trimmed":true,"frame":{"x":697,"y":289,"w":53,"h":76},"rotated":false},
"img_SIcon_1.png":{"spriteSourceSize":{"y":0,"x":0},"sourceSize":{"w":60,"h":60},"trimmed":true,"frame":{"x":42,"y":384,"w":60,"h":60},"rotated":false},
"img_2-2.png":{"spriteSourceSize":{"y":0,"x":3},"sourceSize":{"w":68,"h":69},"trimmed":true,"frame":{"x":725,"y":706,"w":64,"h":69},"rotated":false},
"img_SIconB.png":{"spriteSourceSize":{"y":1,"x":1},"sourceSize":{"w":80,"h":78},"trimmed":true,"frame":{"x":219,"y":254,"w":78,"h":78},"rotated":false},
"img_2-9.png":{"spriteSourceSize":{"y":1,"x":3},"sourceSize":{"w":96,"h":61},"trimmed":true,"frame":{"x":440,"y":195,"w":92,"h":61},"rotated":false},
"img_3-47.png":{"spriteSourceSize":{"y":3,"x":3},"sourceSize":{"w":76,"h":69},"trimmed":true,"frame":{"x":117,"y":384,"w":71,"h":69},"rotated":false},
"img_3-33.png":{"spriteSourceSize":{"y":2,"x":3},"sourceSize":{"w":80,"h":62},"trimmed":true,"frame":{"x":704,"y":777,"w":77,"h":62},"rotated":false},
"img_4-23.png":{"spriteSourceSize":{"y":1,"x":1},"sourceSize":{"w":52,"h":65},"trimmed":true,"frame":{"x":645,"y":327,"w":50,"h":65},"rotated":false},
"img_3-11.png":{"spriteSourceSize":{"y":0,"x":2},"sourceSize":{"w":72,"h":62},"trimmed":true,"frame":{"x":68,"y":733,"w":67,"h":62},"rotated":false},
"img_3-46.png":{"spriteSourceSize":{"y":1,"x":3},"sourceSize":{"w":72,"h":66},"trimmed":true,"frame":{"x":0,"y":311,"w":66,"h":66},"rotated":false},
"img_18FrontWidth.png":{"spriteSourceSize":{"y":0,"x":0},"sourceSize":{"w":13,"h":0},"trimmed":true,"frame":{"x":145,"y":315,"w":0,"h":0},"rotated":false},
"img_2-34.png":{"spriteSourceSize":{"y":3,"x":2},"sourceSize":{"w":60,"h":71},"trimmed":true,"frame":{"x":68,"y":311,"w":58,"h":71},"rotated":false},
"img_普攻btn.png":{"spriteSourceSize":{"y":0,"x":0},"sourceSize":{"w":106,"h":106},"trimmed":true,"frame":{"x":508,"y":0,"w":106,"h":106},"rotated":false},
"img_1-30.png":{"spriteSourceSize":{"y":0,"x":3},"sourceSize":{"w":76,"h":67},"trimmed":true,"frame":{"x":42,"y":446,"w":73,"h":67},"rotated":false},
"img_1-9.png":{"spriteSourceSize":{"y":2,"x":3},"sourceSize":{"w":80,"h":84},"trimmed":true,"frame":{"x":547,"y":861,"w":74,"h":84},"rotated":false},
"img_1-2.png":{"spriteSourceSize":{"y":1,"x":1},"sourceSize":{"w":44,"h":96},"trimmed":true,"frame":{"x":0,"y":379,"w":40,"h":96},"rotated":false},
"img_4-32.png":{"spriteSourceSize":{"y":3,"x":2},"sourceSize":{"w":72,"h":67},"trimmed":true,"frame":{"x":547,"y":792,"w":70,"h":67},"rotated":false},
"img_18Num_1.png":{"spriteSourceSize":{"y":7,"x":3},"sourceSize":{"w":13,"h":14},"trimmed":true,"frame":{"x":232,"y":68,"w":6,"h":14},"rotated":false},
"img_1-18.png":{"spriteSourceSize":{"y":1,"x":1},"sourceSize":{"w":72,"h":72},"trimmed":true,"frame":{"x":440,"y":258,"w":68,"h":72},"rotated":false},
"img_3-25.png":{"spriteSourceSize":{"y":1,"x":0},"sourceSize":{"w":44,"h":68},"trimmed":true,"frame":{"x":407,"y":639,"w":43,"h":68},"rotated":false},
"img_2-24.png":{"spriteSourceSize":{"y":2,"x":0},"sourceSize":{"w":64,"h":76},"trimmed":true,"frame":{"x":623,"y":916,"w":64,"h":76},"rotated":false},
"img_3-5.png":{"spriteSourceSize":{"y":1,"x":1},"sourceSize":{"w":32,"h":65},"trimmed":true,"frame":{"x":0,"y":477,"w":31,"h":65},"rotated":false},
"img_2-23.png":{"spriteSourceSize":{"y":3,"x":0},"sourceSize":{"w":64,"h":76},"trimmed":true,"frame":{"x":623,"y":838,"w":64,"h":76},"rotated":false},
"img_2-14.png":{"spriteSourceSize":{"y":3,"x":1},"sourceSize":{"w":64,"h":79},"trimmed":true,"frame":{"x":499,"y":615,"w":62,"h":79},"rotated":false},
"img_1-13.png":{"spriteSourceSize":{"y":1,"x":1},"sourceSize":{"w":72,"h":72},"trimmed":true,"frame":{"x":783,"y":777,"w":68,"h":72},"rotated":false},
"img_2-35.png":{"spriteSourceSize":{"y":2,"x":1},"sourceSize":{"w":60,"h":67},"trimmed":true,"frame":{"x":190,"y":334,"w":57,"h":67},"rotated":false},
"img_2-22.png":{"spriteSourceSize":{"y":0,"x":0},"sourceSize":{"w":60,"h":75},"trimmed":true,"frame":{"x":369,"y":904,"w":60,"h":75},"rotated":false},
"img_4-25.png":{"spriteSourceSize":{"y":0,"x":0},"sourceSize":{"w":96,"h":66},"trimmed":true,"frame":{"x":738,"y":138,"w":95,"h":66},"rotated":false},
"img_18Num_:.png":{"spriteSourceSize":{"y":11,"x":9},"sourceSize":{"w":13,"h":11},"trimmed":true,"frame":{"x":215,"y":320,"w":2,"h":11},"rotated":false},
"img_3-26.png":{"spriteSourceSize":{"y":3,"x":0},"sourceSize":{"w":40,"h":69},"trimmed":true,"frame":{"x":809,"y":65,"w":39,"h":69},"rotated":false},
"img_3-34.png":{"spriteSourceSize":{"y":0,"x":2},"sourceSize":{"w":72,"h":64},"trimmed":true,"frame":{"x":431,"y":952,"w":70,"h":64},"rotated":false},
"img_SIcon_2.png":{"spriteSourceSize":{"y":0,"x":0},"sourceSize":{"w":60,"h":60},"trimmed":true,"frame":{"x":128,"y":320,"w":60,"h":60},"rotated":false},
"img_1-6.png":{"spriteSourceSize":{"y":1,"x":1},"sourceSize":{"w":44,"h":96},"trimmed":true,"frame":{"x":780,"y":851,"w":40,"h":96},"rotated":false},
"img_3-24.png":{"spriteSourceSize":{"y":1,"x":1},"sourceSize":{"w":104,"h":63},"trimmed":true,"frame":{"x":809,"y":0,"w":101,"h":63},"rotated":false},
"img_18Num_X.png":{"spriteSourceSize":{"y":7,"x":1},"sourceSize":{"w":13,"h":14},"trimmed":true,"frame":{"x":0,"y":575,"w":11,"h":14},"rotated":false},
"img_3-48.png":{"spriteSourceSize":{"y":0,"x":1},"sourceSize":{"w":104,"h":68},"trimmed":true,"frame":{"x":190,"y":403,"w":101,"h":68},"rotated":false},
"img_4-33.png":{"spriteSourceSize":{"y":2,"x":1},"sourceSize":{"w":88,"h":60},"trimmed":true,"frame":{"x":514,"y":947,"w":84,"h":60},"rotated":false},
"img_2-36.png":{"spriteSourceSize":{"y":2,"x":1},"sourceSize":{"w":56,"h":60},"trimmed":true,"frame":{"x":117,"y":455,"w":55,"h":60},"rotated":false}},"meta":{"scale":1,"size":{"w":1024,"h":1024},"version":"1.0","format":"RGBA8888","image":"SWF_FightUI.png"}}