<rdf:SphericalVideo
  xmlns:rdf="http://www.w3.org/1999/02/22-rdf-syntax-ns#"
  xmlns:GSpherical="http://ns.google.com/videos/1.0/spherical/">
  <GSpherical:Spherical>true</GSpherical:Spherical>
  <GSpherical:Stitched>true</GSpherical:Stitched>
  <GSpherical:StitchingSoftware>
    OpenCV for Windows v2.4.9
  </GSpherical:StitchingSoftware>
  <GSpherical:ProjectionType>equirectangular</GSpherical:ProjectionType>
  <GSpherical:SourceCount>6</GSpherical:SourceCount>
  <GSpherical:InitialViewHeadingDegrees>90</GSpherical:InitialViewHeadingDegrees>
  <GSpherical:InitialViewPitchDegrees>0</GSpherical:InitialViewPitchDegrees>
  <GSpherical:InitialViewRollDegrees>0</GSpherical:InitialViewRollDegrees>
  <GSpherical:Timestamp>1400454971</GSpherical:Timestamp>
  <GSpherical:CroppedAreaImageWidthPixels>
    1920
  </GSpherical:CroppedAreaImageWidthPixels>
  <GSpherical:CroppedAreaImageHeightPixels>
    1080
  </GSpherical:CroppedAreaImageHeightPixels>
  <GSpherical:FullPanoWidthPixels>1900</GSpherical:FullPanoWidthPixels>
  <GSpherical:FullPanoHeightPixels>960</GSpherical:FullPanoHeightPixels>
  <GSpherical:CroppedAreaLeftPixels>15</GSpherical:CroppedAreaLeftPixels>
  <GSpherical:CroppedAreaTopPixels>60</GSpherical:CroppedAreaTopPixels>
</rdf:SphericalVideo>