<TextureAtlas imagePath="SWF_FightUI.png">
  <SubTexture name="img_3-42" x="0" y="0" width="64" height="66" frameX="0" frameWidth="64" frameY="-1" frameHeight="68"/>
  <SubTexture name="img_透明" x="0" y="68" width="0" height="0" frameX="0" frameWidth="30" frameY="0" frameHeight="30"/>
  <SubTexture name="img_vb_back" x="2" y="68" width="110" height="110"/>
  <SubTexture name="img_3-43" x="114" y="68" width="65" height="66" frameX="-2" frameWidth="68" frameY="-1" frameHeight="68"/>
  <SubTexture name="img_1-32" x="114" y="136" width="67" height="86" frameX="-3" frameWidth="72" frameY="0" frameHeight="88"/>
  <SubTexture name="img_4-26" x="181" y="68" width="97" height="60" frameX="-2" frameWidth="100" frameY="-2" frameHeight="64"/>
  <SubTexture name="img_3-44" x="280" y="0" width="65" height="66" frameX="-3" frameWidth="68" frameY="-1" frameHeight="68"/>
  <SubTexture name="img_2-17" x="0" y="180" width="58" height="79" frameX="-1" frameWidth="60" frameY="-3" frameHeight="84"/>
  <SubTexture name="img_3-21" x="0" y="261" width="66" height="67" frameX="-2" frameWidth="68" frameY="-3" frameHeight="72"/>
  <SubTexture name="img_影子" x="66" y="0" width="76" height="18" frameX="0" frameWidth="76" frameY="0" frameHeight="19"/>
  <SubTexture name="img_vb_now" x="144" y="0" width="66" height="66"/>
  <SubTexture name="img_2-34" x="183" y="130" width="58" height="71" frameX="-2" frameWidth="60" frameY="-3" frameHeight="76"/>
  <SubTexture name="img_3-22" x="183" y="203" width="66" height="67" frameX="-2" frameWidth="68" frameY="-3" frameHeight="72"/>
  <SubTexture name="img_1-20" x="60" y="180" width="40" height="67" frameX="-2" frameWidth="44" frameY="-3" frameHeight="72"/>
  <SubTexture name="img_3-45" x="212" y="0" width="66" height="66" frameX="-3" frameWidth="72" frameY="-1" frameHeight="68"/>
  <SubTexture name="img_2-18" x="68" y="249" width="56" height="79" frameX="-3" frameWidth="60" frameY="-2" frameHeight="84"/>
  <SubTexture name="img_2-35" x="243" y="130" width="57" height="67" frameX="-1" frameWidth="60" frameY="-2" frameHeight="72"/>
  <SubTexture name="img_3-23" x="251" y="199" width="72" height="67" frameX="-1" frameWidth="76" frameY="-3" frameHeight="72"/>
  <SubTexture name="img_3-46" x="302" y="68" width="66" height="66" frameX="-3" frameWidth="72" frameY="-1" frameHeight="68"/>
  <SubTexture name="img_1-31" x="251" y="268" width="67" height="86" frameX="-3" frameWidth="72" frameY="0" frameHeight="88"/>
  <SubTexture name="img_4-27" x="347" y="0" width="91" height="56" frameX="-1" frameWidth="92" frameY="-2" frameHeight="60"/>
  <SubTexture name="img_普攻btn" x="0" y="330" width="106" height="106"/>
  <SubTexture name="img_4-28" x="302" y="136" width="88" height="54" frameX="-1" frameWidth="92" frameY="0" frameHeight="56"/>
  <SubTexture name="img_2-36" x="370" y="58" width="55" height="60" frameX="-1" frameWidth="56" frameY="-2" frameHeight="64"/>
  <SubTexture name="img_3-24" x="108" y="330" width="101" height="63" frameX="-1" frameWidth="104" frameY="-1" frameHeight="64"/>
  <SubTexture name="img_1-21" x="126" y="224" width="40" height="67" frameX="-2" frameWidth="44" frameY="-3" frameHeight="72"/>
  <SubTexture name="img_2-4" x="320" y="268" width="60" height="74" frameX="-3" frameWidth="64" frameY="-1" frameHeight="76"/>
  <SubTexture name="img_1-30" x="325" y="192" width="73" height="67" frameX="-3" frameWidth="76" frameY="0" frameHeight="68"/>
  <SubTexture name="img_4-29" x="392" y="120" width="85" height="52" frameX="0" frameWidth="88" frameY="-2" frameHeight="56"/>
  <SubTexture name="img_2-19" x="440" y="0" width="58" height="76" frameX="0" frameWidth="60" frameY="0" frameHeight="76"/>
  <SubTexture name="img_3-48" x="320" y="344" width="101" height="68" frameX="-1" frameWidth="104" frameY="0" frameHeight="68"/>
  <SubTexture name="img_3-47" x="400" y="174" width="71" height="69" frameX="-3" frameWidth="76" frameY="-3" frameHeight="72"/>
  <SubTexture name="img_3-25" x="108" y="395" width="43" height="68" frameX="0" frameWidth="44" frameY="-1" frameHeight="72"/>
  <SubTexture name="img_3-5" x="0" y="438" width="31" height="65" frameX="-1" frameWidth="32" frameY="-1" frameHeight="68"/>
  <SubTexture name="img_4-31" x="33" y="438" width="41" height="73" frameX="-3" frameWidth="44" frameY="-1" frameHeight="76"/>
  <SubTexture name="img_2-5" x="153" y="395" width="64" height="72" frameX="-3" frameWidth="68" frameY="0" frameHeight="72"/>
  <SubTexture name="img_4-3" x="76" y="465" width="48" height="76" frameX="0" frameWidth="48" frameY="-3" frameHeight="80"/>
  <SubTexture name="img_3-26" x="0" y="513" width="39" height="69" frameX="0" frameWidth="40" frameY="-3" frameHeight="72"/>
  <SubTexture name="img_1-23" x="0" y="584" width="40" height="67" frameX="-2" frameWidth="44" frameY="-3" frameHeight="72"/>
  <SubTexture name="img_3-27" x="211" y="272" width="35" height="71" frameX="-3" frameWidth="40" frameY="-1" frameHeight="72"/>
  <SubTexture name="img_2-7" x="400" y="245" width="98" height="71" frameX="-1" frameWidth="100" frameY="-3" frameHeight="76"/>
  <SubTexture name="img_2-6" x="479" y="78" width="64" height="65" frameX="-3" frameWidth="68" frameY="-3" frameHeight="68"/>
  <SubTexture name="img_3-28" x="42" y="513" width="32" height="72" frameX="-3" frameWidth="36" frameY="0" frameHeight="72"/>
  <SubTexture name="img_4-32" x="500" y="0" width="70" height="67" frameX="-2" frameWidth="72" frameY="-3" frameHeight="72"/>
  <SubTexture name="img_3-6" x="479" y="145" width="31" height="65" frameX="-1" frameWidth="32" frameY="-1" frameHeight="68"/>
  <SubTexture name="img_1-24" x="219" y="356" width="40" height="67" frameX="-2" frameWidth="44" frameY="-3" frameHeight="72"/>
  <SubTexture name="img_1-35" x="423" y="318" width="68" height="86" frameX="-2" frameWidth="72" frameY="0" frameHeight="88"/>
  <SubTexture name="img_3-29" x="423" y="406" width="31" height="72" frameX="-3" frameWidth="36" frameY="0" frameHeight="72"/>
  <SubTexture name="img_2-2" x="126" y="469" width="64" height="69" frameX="-3" frameWidth="68" frameY="0" frameHeight="72"/>
  <SubTexture name="img_2-8" x="126" y="540" width="95" height="65" frameX="0" frameWidth="96" frameY="-2" frameHeight="68"/>
  <SubTexture name="img_1-29" x="219" y="425" width="74" height="67" frameX="-2" frameWidth="76" frameY="0" frameHeight="68"/>
  <SubTexture name="img_1-3" x="295" y="425" width="40" height="96" frameX="-1" frameWidth="44" frameY="-1" frameHeight="100"/>
  <SubTexture name="img_1-11" x="42" y="587" width="74" height="84" frameX="-3" frameWidth="80" frameY="-2" frameHeight="88"/>
  <SubTexture name="img_2-20" x="223" y="494" width="64" height="76" frameX="0" frameWidth="64" frameY="-3" frameHeight="80"/>
  <SubTexture name="img_4-33" x="337" y="414" width="84" height="60" frameX="-1" frameWidth="88" frameY="-2" frameHeight="64"/>
  <SubTexture name="img_1-5" x="0" y="653" width="40" height="96" frameX="-1" frameWidth="44" frameY="-1" frameHeight="100"/>
  <SubTexture name="img_1-28" x="337" y="476" width="74" height="67" frameX="-2" frameWidth="76" frameY="0" frameHeight="68"/>
  <SubTexture name="img_4-34" x="413" y="523" width="89" height="57" frameX="-2" frameWidth="92" frameY="-1" frameHeight="60"/>
  <SubTexture name="img_3-3" x="261" y="356" width="35" height="65" frameX="-1" frameWidth="36" frameY="-1" frameHeight="68"/>
  <SubTexture name="img_1-13" x="223" y="572" width="68" height="72" frameX="-1" frameWidth="72" frameY="-1" frameHeight="76"/>
  <SubTexture name="img_1-27" x="118" y="607" width="74" height="67" frameX="-2" frameWidth="76" frameY="0" frameHeight="68"/>
  <SubTexture name="img_3-7" x="118" y="676" width="53" height="71" frameX="-1" frameWidth="56" frameY="-3" frameHeight="76"/>
  <SubTexture name="img_2-21" x="42" y="673" width="64" height="76" frameX="0" frameWidth="64" frameY="-2" frameHeight="80"/>
  <SubTexture name="img_1-4" x="293" y="545" width="40" height="96" frameX="-1" frameWidth="44" frameY="-1" frameHeight="100"/>
  <SubTexture name="img_1-36" x="335" y="545" width="67" height="86" frameX="-3" frameWidth="72" frameY="0" frameHeight="88"/>
  <SubTexture name="img_4-1" x="335" y="633" width="67" height="69" frameX="-1" frameWidth="68" frameY="-2" frameHeight="72"/>
  <SubTexture name="img_1-22" x="335" y="704" width="40" height="67" frameX="-2" frameWidth="44" frameY="-3" frameHeight="72"/>
  <SubTexture name="img_3-9" x="108" y="749" width="78" height="66" frameX="-3" frameWidth="84" frameY="0" frameHeight="68"/>
  <SubTexture name="img_1-26" x="173" y="676" width="73" height="67" frameX="-3" frameWidth="76" frameY="0" frameHeight="68"/>
  <SubTexture name="img_2-9" x="0" y="751" width="92" height="61" frameX="-3" frameWidth="96" frameY="-1" frameHeight="64"/>
  <SubTexture name="img_4-4" x="0" y="814" width="49" height="74" frameX="-2" frameWidth="52" frameY="-1" frameHeight="76"/>
  <SubTexture name="img_3-30" x="51" y="814" width="31" height="72" frameX="-3" frameWidth="36" frameY="0" frameHeight="72"/>
  <SubTexture name="img_1-25" x="188" y="745" width="72" height="67" frameX="0" frameWidth="72" frameY="0" frameHeight="68"/>
  <SubTexture name="img_2-22" x="248" y="646" width="60" height="75" frameX="0" frameWidth="60" frameY="0" frameHeight="76"/>
  <SubTexture name="img_1-14" x="262" y="723" width="68" height="72" frameX="-1" frameWidth="72" frameY="-1" frameHeight="76"/>
  <SubTexture name="img_3-31" x="500" y="212" width="53" height="76" frameX="-1" frameWidth="56" frameY="-3" frameHeight="80"/>
  <SubTexture name="img_3-8" x="545" y="69" width="33" height="81" frameX="-3" frameWidth="36" frameY="-1" frameHeight="84"/>
  <SubTexture name="img_2-24" x="580" y="69" width="64" height="76" frameX="0" frameWidth="64" frameY="-2" frameHeight="80"/>
  <SubTexture name="img_2-23" x="500" y="290" width="64" height="76" frameX="0" frameWidth="64" frameY="-3" frameHeight="80"/>
  <SubTexture name="img_2-1" x="566" y="290" width="58" height="74" frameX="-1" frameWidth="60" frameY="-1" frameHeight="76"/>
  <SubTexture name="img_3-32" x="626" y="290" width="33" height="80" frameX="-3" frameWidth="36" frameY="-2" frameHeight="84"/>
  <SubTexture name="img_3-10" x="493" y="368" width="70" height="63" frameX="-3" frameWidth="76" frameY="-3" frameHeight="68"/>
  <SubTexture name="img_4-35" x="646" y="0" width="93" height="54" frameX="-3" frameWidth="96" frameY="0" frameHeight="56"/>
  <SubTexture name="img_3-1" x="646" y="56" width="43" height="70" frameX="0" frameWidth="44" frameY="0" frameHeight="72"/>
  <SubTexture name="img_2-25" x="646" y="128" width="97" height="60" frameX="-1" frameWidth="100" frameY="-3" frameHeight="64"/>
  <SubTexture name="img_2-10" x="741" y="0" width="101" height="67" frameX="-3" frameWidth="104" frameY="-3" frameHeight="72"/>
  <SubTexture name="img_4-11" x="555" y="152" width="86" height="65" frameX="-2" frameWidth="88" frameY="0" frameHeight="68"/>
  <SubTexture name="img_3-33" x="555" y="219" width="77" height="62" frameX="-3" frameWidth="80" frameY="-2" frameHeight="64"/>
  <SubTexture name="img_2-11" x="643" y="190" width="98" height="64" frameX="-1" frameWidth="100" frameY="-2" frameHeight="68"/>
  <SubTexture name="img_2-26" x="456" y="433" width="94" height="58" frameX="-1" frameWidth="96" frameY="-2" frameHeight="60"/>
  <SubTexture name="img_3-12" x="572" y="0" width="67" height="62" frameX="0" frameWidth="68" frameY="0" frameHeight="64"/>
  <SubTexture name="img_4-5" x="504" y="493" width="50" height="72" frameX="0" frameWidth="52" frameY="-3" frameHeight="76"/>
  <SubTexture name="img_4-13" x="552" y="567" width="41" height="71" frameX="-3" frameWidth="44" frameY="-1" frameHeight="72"/>
  <SubTexture name="img_3-34" x="404" y="582" width="70" height="64" frameX="-2" frameWidth="72" frameY="0" frameHeight="64"/>
  <SubTexture name="img_3-13" x="404" y="648" width="66" height="62" frameX="0" frameWidth="68" frameY="0" frameHeight="64"/>
  <SubTexture name="img_1-9" x="472" y="648" width="74" height="84" frameX="-3" frameWidth="80" frameY="-2" frameHeight="88"/>
  <SubTexture name="img_1-7" x="377" y="712" width="72" height="85" frameX="-3" frameWidth="76" frameY="-1" frameHeight="88"/>
  <SubTexture name="img_1-19" x="691" y="56" width="40" height="68" frameX="-2" frameWidth="44" frameY="-2" frameHeight="72"/>
  <SubTexture name="img_3-14" x="476" y="582" width="66" height="62" frameX="-3" frameWidth="72" frameY="0" frameHeight="64"/>
  <SubTexture name="img_1-6" x="565" y="368" width="40" height="96" frameX="-1" frameWidth="44" frameY="-1" frameHeight="100"/>
  <SubTexture name="img_2-12" x="262" y="797" width="95" height="65" frameX="0" frameWidth="96" frameY="-1" frameHeight="68"/>
  <SubTexture name="img_2-27" x="84" y="817" width="91" height="53" frameX="-1" frameWidth="92" frameY="-1" frameHeight="56"/>
  <SubTexture name="img_1-16" x="84" y="872" width="68" height="71" frameX="-1" frameWidth="72" frameY="-2" frameHeight="76"/>
  <SubTexture name="img_4-14" x="0" y="890" width="71" height="72" frameX="-3" frameWidth="76" frameY="-2" frameHeight="76"/>
  <SubTexture name="img_1-15" x="177" y="817" width="68" height="71" frameX="-1" frameWidth="72" frameY="-2" frameHeight="76"/>
  <SubTexture name="img_4-15" x="556" y="466" width="85" height="72" frameX="-2" frameWidth="88" frameY="-2" frameHeight="76"/>
  <SubTexture name="img_3-11" x="607" y="372" width="67" height="62" frameX="-2" frameWidth="72" frameY="0" frameHeight="64"/>
  <SubTexture name="img_2-13" x="661" y="256" width="64" height="79" frameX="-3" frameWidth="68" frameY="0" frameHeight="80"/>
  <SubTexture name="img_2-29" x="733" y="69" width="97" height="57" frameX="-1" frameWidth="100" frameY="-2" frameHeight="60"/>
  <SubTexture name="img_2-28" x="548" y="640" width="100" height="59" frameX="0" frameWidth="100" frameY="-2" frameHeight="64"/>
  <SubTexture name="img_4-16" x="643" y="436" width="91" height="72" frameX="0" frameWidth="92" frameY="-2" frameHeight="76"/>
  <SubTexture name="img_2-14" x="727" y="256" width="62" height="79" frameX="-1" frameWidth="64" frameY="-3" frameHeight="84"/>
  <SubTexture name="img_2-3" x="745" y="128" width="64" height="64" frameX="-3" frameWidth="68" frameY="-3" frameHeight="68"/>
  <SubTexture name="img_3-35" x="811" y="128" width="66" height="65" frameX="-3" frameWidth="72" frameY="-3" frameHeight="68"/>
  <SubTexture name="img_3-16" x="879" y="128" width="108" height="67" frameX="-3" frameWidth="112" frameY="-3" frameHeight="72"/>
  <SubTexture name="img_4-8" x="844" y="0" width="98" height="67" frameX="0" frameWidth="100" frameY="-2" frameHeight="72"/>
  <SubTexture name="img_1-17" x="944" y="0" width="68" height="71" frameX="-1" frameWidth="72" frameY="-2" frameHeight="76"/>
  <SubTexture name="img_3-37" x="676" y="337" width="66" height="66" frameX="-1" frameWidth="68" frameY="-2" frameHeight="68"/>
  <SubTexture name="img_3-36" x="643" y="510" width="67" height="66" frameX="0" frameWidth="68" frameY="-2" frameHeight="68"/>
  <SubTexture name="img_3-15" x="548" y="701" width="94" height="64" frameX="-3" frameWidth="100" frameY="-2" frameHeight="68"/>
  <SubTexture name="img_4-9" x="451" y="734" width="92" height="67" frameX="-3" frameWidth="96" frameY="-2" frameHeight="72"/>
  <SubTexture name="img_4-7" x="451" y="803" width="95" height="64" frameX="0" frameWidth="96" frameY="-1" frameHeight="68"/>
  <SubTexture name="img_2-15" x="359" y="799" width="57" height="79" frameX="-2" frameWidth="60" frameY="-2" frameHeight="84"/>
  <SubTexture name="img_3-38" x="359" y="880" width="66" height="66" frameX="-2" frameWidth="68" frameY="-2" frameHeight="68"/>
  <SubTexture name="img_4-19" x="247" y="864" width="67" height="66" frameX="-3" frameWidth="72" frameY="-1" frameHeight="68"/>
  <SubTexture name="img_2-30" x="832" y="69" width="94" height="50" frameX="-1" frameWidth="96" frameY="-1" frameHeight="52"/>
  <SubTexture name="img_1-10" x="154" y="890" width="75" height="83" frameX="-3" frameWidth="80" frameY="-3" frameHeight="88"/>
  <SubTexture name="img_3-17" x="73" y="945" width="65" height="66" frameX="-3" frameWidth="68" frameY="0" frameHeight="68"/>
  <SubTexture name="img_4-17" x="231" y="932" width="95" height="72" frameX="-3" frameWidth="100" frameY="-2" frameHeight="76"/>
  <SubTexture name="img_2-31" x="644" y="701" width="63" height="67" frameX="-1" frameWidth="64" frameY="-3" frameHeight="72"/>
  <SubTexture name="img_G1" x="709" y="767" width="101" height="101"/>
  <SubTexture name="img_1-18" x="548" y="770" width="68" height="72" frameX="-1" frameWidth="72" frameY="-1" frameHeight="76"/>
  <SubTexture name="img_CD圆" x="743" y="194" width="50" height="50" frameX="-2" frameWidth="54" frameY="-2" frameHeight="54"/>
  <SubTexture name="img_1-8" x="548" y="844" width="73" height="84" frameX="-3" frameWidth="76" frameY="-2" frameHeight="88"/>
  <SubTexture name="img_3-39" x="427" y="869" width="93" height="63" frameX="-3" frameWidth="96" frameY="-1" frameHeight="64"/>
  <SubTexture name="img_4-2" x="595" y="540" width="44" height="76" frameX="-2" frameWidth="48" frameY="-3" frameHeight="80"/>
  <SubTexture name="img_3-18" x="618" y="770" width="65" height="66" frameX="-3" frameWidth="68" frameY="0" frameHeight="68"/>
  <SubTexture name="img_4-10" x="712" y="510" width="90" height="66" frameX="-2" frameWidth="92" frameY="-3" frameHeight="72"/>
  <SubTexture name="img_2-16" x="623" y="838" width="59" height="78" frameX="-3" frameWidth="64" frameY="0" frameHeight="80"/>
  <SubTexture name="img_1-2" x="791" y="246" width="40" height="96" frameX="-1" frameWidth="44" frameY="-1" frameHeight="100"/>
  <SubTexture name="img_3-4" x="316" y="864" width="32" height="65" frameX="0" frameWidth="32" frameY="-1" frameHeight="68"/>
  <SubTexture name="img_4-21" x="744" y="344" width="48" height="63" frameX="-3" frameWidth="52" frameY="0" frameHeight="64"/>
  <SubTexture name="img_3-40" x="794" y="344" width="108" height="56" frameX="0" frameWidth="108" frameY="-3" frameHeight="60"/>
  <SubTexture name="img_2-32" x="833" y="197" width="61" height="60" frameX="-1" frameWidth="64" frameY="-3" frameHeight="64"/>
  <SubTexture name="img_G2" x="896" y="197" width="101" height="101"/>
  <SubTexture name="img_1-34" x="794" y="402" width="68" height="85" frameX="-2" frameWidth="72" frameY="-1" frameHeight="88"/>
  <SubTexture name="img_3-41" x="804" y="489" width="65" height="67" frameX="-3" frameWidth="68" frameY="0" frameHeight="68"/>
  <SubTexture name="img_Item1" x="864" y="402" width="80" height="78" frameX="0" frameWidth="80" frameY="-1" frameHeight="79"/>
  <SubTexture name="img_3-19" x="904" y="300" width="65" height="66" frameX="0" frameWidth="68" frameY="0" frameHeight="68"/>
  <SubTexture name="img_4-22" x="833" y="259" width="49" height="64" frameX="0" frameWidth="52" frameY="0" frameHeight="64"/>
  <SubTexture name="img_4-20" x="736" y="409" width="44" height="65" frameX="-1" frameWidth="48" frameY="-2" frameHeight="68"/>
  <SubTexture name="img_2-33" x="804" y="558" width="55" height="62" frameX="-1" frameWidth="56" frameY="-2" frameHeight="64"/>
  <SubTexture name="img_3-2" x="650" y="578" width="39" height="67" frameX="0" frameWidth="40" frameY="-3" frameHeight="72"/>
  <SubTexture name="img_4-23" x="691" y="578" width="50" height="65" frameX="-1" frameWidth="52" frameY="-1" frameHeight="68"/>
  <SubTexture name="img_1-12" x="743" y="622" width="73" height="84" frameX="-3" frameWidth="76" frameY="-2" frameHeight="88"/>
  <SubTexture name="img_1-1" x="812" y="708" width="40" height="96" frameX="-1" frameWidth="44" frameY="-1" frameHeight="100"/>
  <SubTexture name="img_3-20" x="818" y="622" width="66" height="67" frameX="-3" frameWidth="72" frameY="-3" frameHeight="72"/>
  <SubTexture name="img_cdBlack" x="691" y="645" width="50" height="50" frameX="-2" frameWidth="54" frameY="-2" frameHeight="54"/>
  <SubTexture name="img_4-25" x="871" y="482" width="95" height="66" frameX="0" frameWidth="96" frameY="0" frameHeight="68"/>
  <SubTexture name="img_1-33" x="946" y="368" width="68" height="86" frameX="-2" frameWidth="72" frameY="0" frameHeight="88"/>
</TextureAtlas>