{

"frames":{
"img_LBProgress.png":{"spriteSourceSize":{"y":0,"x":0},"sourceSize":{"w":360,"h":15},"frame":{"x":132,"y":0,"w":359,"h":15},"rotated":false,"trimmed":true},
"img_18Num_0.png":{"spriteSourceSize":{"y":7,"x":2},"sourceSize":{"w":13,"h":15},"frame":{"x":120,"y":0,"w":10,"h":15},"rotated":false,"trimmed":true},
"img_18Num_→.png":{"spriteSourceSize":{"y":10,"x":0},"sourceSize":{"w":13,"h":7},"frame":{"x":0,"y":0,"w":13,"h":7},"rotated":false,"trimmed":true},
"img_G30Num_8.png":{"spriteSourceSize":{"y":0,"x":1},"sourceSize":{"w":30,"h":43},"frame":{"x":0,"y":127,"w":29,"h":43},"rotated":false,"trimmed":true},
"img_img提示框横条.png":{"spriteSourceSize":{"y":0,"x":0},"sourceSize":{"w":556,"h":3},"frame":{"x":0,"y":25,"w":556,"h":3},"rotated":false,"trimmed":true},
"img_G30Num_0.png":{"spriteSourceSize":{"y":0,"x":1},"sourceSize":{"w":31,"h":43},"frame":{"x":113,"y":30,"w":28,"h":43},"rotated":false,"trimmed":true},
"img_18Num_(.png":{"spriteSourceSize":{"y":7,"x":3},"sourceSize":{"w":13,"h":17},"frame":{"x":143,"y":46,"w":5,"h":17},"rotated":false,"trimmed":true},
"img_18Num_%.png":{"spriteSourceSize":{"y":8,"x":0},"sourceSize":{"w":13,"h":12},"frame":{"x":143,"y":30,"w":13,"h":12},"rotated":false,"trimmed":true},
"img_18Num_2.png":{"spriteSourceSize":{"y":7,"x":3},"sourceSize":{"w":13,"h":14},"frame":{"x":0,"y":9,"w":8,"h":14},"rotated":false,"trimmed":true},
"img_18Num_).png":{"spriteSourceSize":{"y":7,"x":5},"sourceSize":{"w":13,"h":17},"frame":{"x":150,"y":46,"w":5,"h":17},"rotated":false,"trimmed":true},
"img_18Num_~.png":{"spriteSourceSize":{"y":13,"x":2},"sourceSize":{"w":13,"h":4},"frame":{"x":10,"y":19,"w":9,"h":4},"rotated":false,"trimmed":true},
"img_G30Num_5.png":{"spriteSourceSize":{"y":0,"x":0},"sourceSize":{"w":31,"h":42},"frame":{"x":183,"y":144,"w":31,"h":42},"rotated":false,"trimmed":true},
"img_18Num_:.png":{"spriteSourceSize":{"y":11,"x":9},"sourceSize":{"w":13,"h":11},"frame":{"x":212,"y":74,"w":2,"h":11},"rotated":false,"trimmed":true},
"img_G30Num_1.png":{"spriteSourceSize":{"y":0,"x":0},"sourceSize":{"w":21,"h":42},"frame":{"x":199,"y":30,"w":21,"h":42},"rotated":false,"trimmed":true},
"img_small.png":{"spriteSourceSize":{"y":0,"x":0},"sourceSize":{"w":89,"h":88},"frame":{"x":558,"y":0,"w":88,"h":88},"rotated":false,"trimmed":true},
"img_18Num_+.png":{"spriteSourceSize":{"y":10,"x":2},"sourceSize":{"w":13,"h":10},"frame":{"x":109,"y":0,"w":9,"h":10},"rotated":false,"trimmed":true},
"img_18Num_9.png":{"spriteSourceSize":{"y":7,"x":3},"sourceSize":{"w":13,"h":15},"frame":{"x":36,"y":0,"w":8,"h":15},"rotated":false,"trimmed":true},
"img_G30Num_9.png":{"spriteSourceSize":{"y":0,"x":0},"sourceSize":{"w":31,"h":43},"frame":{"x":391,"y":30,"w":30,"h":43},"rotated":false,"trimmed":true},
"img_18Num_x.png":{"spriteSourceSize":{"y":11,"x":4},"sourceSize":{"w":13,"h":10},"frame":{"x":46,"y":0,"w":8,"h":10},"rotated":false,"trimmed":true},
"img_Btn登录注册nor.png":{"spriteSourceSize":{"y":0,"x":0},"sourceSize":{"w":136,"h":52},"frame":{"x":222,"y":30,"w":136,"h":52},"rotated":false,"trimmed":true},
"img_透明.png":{"spriteSourceSize":{"y":0,"x":0},"sourceSize":{"w":50,"h":50},"frame":{"x":0,"y":30,"w":50,"h":50},"rotated":false,"trimmed":true},
"img_B.png":{"spriteSourceSize":{"y":0,"x":0},"sourceSize":{"w":568,"h":320},"frame":{"x":0,"y":234,"w":568,"h":320},"rotated":false,"trimmed":true},
"img_18Num_1.png":{"spriteSourceSize":{"y":7,"x":3},"sourceSize":{"w":13,"h":14},"frame":{"x":56,"y":0,"w":6,"h":14},"rotated":false,"trimmed":true},
"img_Btn登录注册down.png":{"spriteSourceSize":{"y":0,"x":0},"sourceSize":{"w":136,"h":52},"frame":{"x":183,"y":90,"w":136,"h":52},"rotated":false,"trimmed":true},
"img_G30Num_4.png":{"spriteSourceSize":{"y":0,"x":0},"sourceSize":{"w":30,"h":43},"frame":{"x":0,"y":82,"w":29,"h":43},"rotated":false,"trimmed":true},
"img_G30Num_7.png":{"spriteSourceSize":{"y":0,"x":0},"sourceSize":{"w":29,"h":43},"frame":{"x":168,"y":30,"w":29,"h":43},"rotated":false,"trimmed":true},
"img_18Num_4.png":{"spriteSourceSize":{"y":7,"x":2},"sourceSize":{"w":13,"h":14},"frame":{"x":64,"y":0,"w":10,"h":14},"rotated":false,"trimmed":true},
"img_18Num_-.png":{"spriteSourceSize":{"y":15,"x":3},"sourceSize":{"w":13,"h":2},"frame":{"x":46,"y":12,"w":7,"h":2},"rotated":false,"trimmed":true},
"img_G30Num_3.png":{"spriteSourceSize":{"y":0,"x":0},"sourceSize":{"w":29,"h":43},"frame":{"x":52,"y":30,"w":28,"h":43},"rotated":false,"trimmed":true},
"img_G30FrontWidth.png":{"spriteSourceSize":{"y":0,"x":0},"sourceSize":{"w":30,"h":43},"frame":{"x":0,"y":172,"w":29,"h":43},"rotated":false,"trimmed":true},
"img_18Num_8.png":{"spriteSourceSize":{"y":7,"x":2},"sourceSize":{"w":13,"h":15},"frame":{"x":76,"y":0,"w":10,"h":15},"rotated":false,"trimmed":true},
"img_18Num_X.png":{"spriteSourceSize":{"y":7,"x":1},"sourceSize":{"w":13,"h":14},"frame":{"x":199,"y":74,"w":11,"h":14},"rotated":false,"trimmed":true},
"img_18Num_6.png":{"spriteSourceSize":{"y":7,"x":3},"sourceSize":{"w":13,"h":15},"frame":{"x":88,"y":0,"w":9,"h":15},"rotated":false,"trimmed":true},"s9_Alertb1.png":{"spriteSourceSize":{"y":0,"x":0},"sourceSize":{"w":146,"h":115},"frame":{"x":360,"y":75,"w":146,"h":115},"rotated":false,"trimmed":true},
"img_G30Num_6.png":{"spriteSourceSize":{"y":0,"x":0},"sourceSize":{"w":31,"h":42},"frame":{"x":82,"y":30,"w":29,"h":42},"rotated":false,"trimmed":true},
"img_18Num_3.png":{"spriteSourceSize":{"y":7,"x":3},"sourceSize":{"w":13,"h":15},"frame":{"x":26,"y":0,"w":8,"h":15},"rotated":false,"trimmed":true},
"img_18Num_小数点.png":{"spriteSourceSize":{"y":19,"x":5},"sourceSize":{"w":13,"h":3},"frame":{"x":10,"y":11,"w":3,"h":3},"rotated":false,"trimmed":true},
"img_18Num_/.png":{"spriteSourceSize":{"y":7,"x":4},"sourceSize":{"w":13,"h":17},"frame":{"x":15,"y":0,"w":9,"h":17},"rotated":false,"trimmed":true},
"img_18Num_5.png":{"spriteSourceSize":{"y":7,"x":3},"sourceSize":{"w":13,"h":15},"frame":{"x":99,"y":0,"w":8,"h":15},"rotated":false,"trimmed":true},
"img_18FrontWidth.png":{"spriteSourceSize":{"y":0,"x":0},"sourceSize":{"w":13,"h":0},"frame":{"x":10,"y":9,"w":0,"h":0},"rotated":false,"trimmed":true},
"img_半黑.png":{"spriteSourceSize":{"y":0,"x":0},"sourceSize":{"w":150,"h":150},"frame":{"x":31,"y":82,"w":150,"h":150},"rotated":false,"trimmed":true},
"img_G30Num_2.png":{"spriteSourceSize":{"y":0,"x":0},"sourceSize":{"w":29,"h":43},"frame":{"x":360,"y":30,"w":29,"h":43},"rotated":false,"trimmed":true},
"img_18Num_7.png":{"spriteSourceSize":{"y":7,"x":3},"sourceSize":{"w":13,"h":14},"frame":{"x":158,"y":30,"w":8,"h":14},"rotated":false,"trimmed":true}},"meta":{"scale":1,"size":{"w":1024,"h":1024},"version":"1.0","format":"RGBA8888","image":"SWF_Default.png"}}