<root doc_dir="文档路径,缺省值,为空则脚本当前目录下" doc_name="文档名以fla或xfl结尾"  publish_name="发布名以swf为结尾,缺省值" doc_class="文档类,缺省值">
 	<bitmap source_path="资源绝对地址" link_name="导出类名" quality="压缩品质,缺省值"/>
 	<!--bitmap无限插入-->
	<movie  item_name="影片剪辑名" link_name="导出类名">
		<layer name="图层名">
			<frame start_index="开始帧" end_index="结束帧并包含" quality="压缩品质,缺省值" label="帧标签,缺省值" source_path="资源绝对地址,缺省则空帧" x="坐标x" y="坐标y"/>
			<!--frame无限插入-->
		</layer>
	<!--layer无限插入-->
	</movie>
	<!--movie无限插入-->
	<button item_name="按钮名" link_name="导出类名">
		<layer name="图层名">
			<frame start_index="开始帧" end_index="结束帧并包含" quality="压缩品质,缺省值" label="帧标签,缺省值" source_path="资源绝对地址,缺省则空帧" x="坐标x" y="坐标y"/>
			<!--亦可插入音频帧,包含如下参数(如果需要音频压缩请先导入音频素材,通过sound标签-->
			<frame start_index="开始帧" end_index="结束帧并包含" source_path="音频资源绝对地址" label="帧标签,缺省值"/>
			<!--frame无限插入-->
		</layer>
		<!--layer无限插入-->
	</button>
	<!--button无限插入-->
	<sound source_path="资源绝对地址" link_name="导出类名" bit="比特率.枚举值:(8 kbps,16 kbps,20
kbps,24 kbps,32 kbps,48 kbps,56 kbps,64 kbps,80 kbps,112 kbps,128 kbps,160 kbps)" stereo="是否是立体声(true),单声道(false)" quality="压缩品质.枚举值(Fast,Medium,Best)"/>
	<!--sound无限插入-->
	 <font item_name="元件名称" font_name="嵌入字体名称" link_name="导出类名" is_FTE="是否使用FTE引擎" bold="加粗(true,false)" italic="斜体(true,false)" embed_ranges="字体嵌入对话框中可以选择的项目对应 like 1|3|5">
 		<![CDATA[嵌入的字符]]>
 	</font>
 	<!--font无限插入-->
</root>
