<root doc_name="create.fla">
	<!--创建了一个逐帧MC-->
	<movie item_name="mc" link_name="MC">
		<layer name="label">
			<frame start_index="1" end_index="15" label="attack"/>
		</layer>
		<layer name="layer1">
			<frame start_index="1" end_index="3" quality="80" source_path="D:/KPJSFL/assets/0.png" x="0" y="0"/>
			<frame start_index="4" end_index="6" quality="80" source_path="D:/KPJSFL/assets/1.png" x="0" y="0"/>
			<frame start_index="7" end_index="9" quality="80" source_path="D:/KPJSFL/assets/2.png" x="0" y="0"/>
			<frame start_index="10" end_index="12" quality="80" source_path="D:/KPJSFL/assets/3.png" x="0" y="0"/>
			<frame start_index="13" end_index="15" quality="80" source_path="D:/KPJSFL/assets/4.png" x="0" y="0"/>
		</layer>
	</movie>
	<!--创建了一个纸娃娃系统的MC-->
	<movie item_name="female" link_name="Role">
		<layer name="label">
			<frame start_index="1" end_index="12" label="attack"/>
		</layer>
		<layer name="head">
			<frame start_index="1" end_index="3" quality="80" source_path="D:/KPJSFL/assets/head_0.png" x="0" y="0"/>
			<frame start_index="4" end_index="6" quality="80" source_path="D:/KPJSFL/assets/head_1.png" x="0" y="0"/>
			<frame start_index="7" end_index="9" quality="80" source_path="D:/KPJSFL/assets/head_2.png" x="0" y="0"/>
			<frame start_index="10" end_index="12" quality="80" source_path="D:/KPJSFL/assets/head_3.png" x="0" y="0"/>
			<frame start_index="13" end_index="15" quality="80" source_path="D:/KPJSFL/assets/head_4.png" x="0" y="0"/>
			<frame start_index="16" end_index="18" quality="80" source_path="D:/KPJSFL/assets/head_5.png" x="0" y="0"/>
		</layer>
		<layer name="body">
			<frame start_index="1" end_index="3" quality="80" source_path="D:/KPJSFL/assets/body_0.png" x="0" y="0"/>
			<frame start_index="4" end_index="6" quality="80" source_path="D:/KPJSFL/assets/body_1.png" x="0" y="0"/>
			<frame start_index="7" end_index="9" quality="80" source_path="D:/KPJSFL/assets/body_2.png" x="0" y="0"/>
			<frame start_index="10" end_index="12" quality="80" source_path="D:/KPJSFL/assets/body_3.png" x="0" y="0"/>
			<frame start_index="13" end_index="15" quality="80" source_path="D:/KPJSFL/assets/body_4.png" x="0" y="0"/>
			<frame start_index="16" end_index="18" quality="80" source_path="D:/KPJSFL/assets/body_5.png" x="0" y="0"/>
		</layer>
		<layer name="equip">
			<frame start_index="1" end_index="3" quality="80" source_path="D:/KPJSFL/assets/equip_0.png" x="0" y="0"/>
			<frame start_index="4" end_index="6" quality="80" source_path="D:/KPJSFL/assets/equip_1.png" x="0" y="0"/>
			<frame start_index="7" end_index="9" quality="80" source_path="D:/KPJSFL/assets/equip_2.png" x="0" y="0"/>
			<frame start_index="10" end_index="12" quality="80" source_path="D:/KPJSFL/assets/equip_3.png" x="0" y="0"/>
			<frame start_index="13" end_index="15" quality="80" source_path="D:/KPJSFL/assets/equip_4.png" x="0" y="0"/>
			<frame start_index="16" end_index="18" quality="80" source_path="D:/KPJSFL/assets/equip_5.png" x="0" y="0"/>
		</layer>
	</movie>
	<!--创建了一个带点击音效的关闭按钮-->
	<button item_name="close_btn" link_name="GameBtn">
		<layer name="sound">
			<frame start_index="3" end_index="3" source_path="D:/KPJSFL/assets/click.mp3"/>
		</layer>
		<layer name="icon">
			<frame start_index="1" end_index="1" quality="80" source_path="D:/KPJSFL/assets/close_0.png" x="0" y="0"/>
			<frame start_index="2" end_index="2" quality="80" source_path="D:/KPJSFL/assets/close_1.png" x="0" y="0"/>
			<frame start_index="3" end_index="4" quality="80" source_path="D:/KPJSFL/assets/close_2.png" x="0" y="0"/>
		</layer>
	</button>
</root>