<Motion duration="35" xmlns="fl.motion.*" xmlns:geom="flash.geom.*" xmlns:filters="flash.filters.*">
	<source>
		<Source frameRate="35" x="222.45" y="164" scaleX="1" scaleY="1" rotation="0" elementType="movie clip" symbolName="ball">
			<dimensions>
				<geom:Rectangle left="0" top="0" width="53" height="53"/>
			</dimensions>
			<transformationPoint>
				<geom:Point x="0.5" y="1"/>
			</transformationPoint>
		</Source>
	</source>

	<Keyframe index="0" tweenSnap="true" tweenSync="true">
		<tweens>
			<SimpleEase ease="-1"/>
		</tweens>
	</Keyframe>

	<Keyframe index="13" tweenSnap="true" tweenSync="true" x="-0.04999999999998295" y="100">
		<tweens>
			<SimpleEase ease="0"/>
		</tweens>
	</Keyframe>

	<Keyframe index="16" tweenSnap="true" tweenSync="true" scaleX="1.34" scaleY="0.774">
		<tweens>
			<SimpleEase ease="0"/>
		</tweens>
	</Keyframe>

	<Keyframe index="19" tweenSnap="true" tweenSync="true" scaleX="1" scaleY="1">
		<tweens>
			<SimpleEase ease="1"/>
		</tweens>
	</Keyframe>

	<Keyframe index="34" x="0" y="0"/>
</Motion>