<?xml version="1.0" encoding="utf-8"?>
<rss version="2.0">
   <channel>
      <title>黑羽翔天 § Kingda&apos;s Weblog</title>
      <link>http://www.kingda.org/blog/</link>
      <description>Kingda is thinking...</description>
      <language>en</language>
      <copyright>Copyright 2007</copyright>
      <lastBuildDate>Fri, 06 Jul 2007 09:27:44 +0800</lastBuildDate>
      <generator>http://www.sixapart.com/movabletype/?v=3.34</generator>
      <docs>http://blogs.law.harvard.edu/tech/rss</docs> 

            <item>
         <title>3D的A*寻路算法，有趣有趣（附源码）</title>
         <description><![CDATA[<p><img alt="paulspitzerpath.png" src="http://www.kingda.org/archives/kingda/img/paulspitzerpath.png" width="420" height="434" /><br />
演示地址：<a href="http://www.actionscriptarchitect.com/lab/AStar3D2/">http://www.actionscriptarchitect.com/lab/AStar3D2/</a></p>

<p>先用鼠标点击“create wall”，创建一些墙。注意，多叠几层啊，这是3D的，<br />
然后点"start node"，定义开始点，再点击“stop node”，定义终点，然后点"find path"，就会有一个小球自动找到路径滚。</p>

<p>源码下载：<a href="http://www.actionscriptarchitect.com/lab/AStar3D2/AStar3D.zip">http://www.actionscriptarchitect.com/lab/AStar3D2/AStar3D.zip</a><br />
原文见：<a href="http://www.actionscriptarchitect.com/2007/07/03/a-3d-no-really-its-3d/">http://www.actionscriptarchitect.com/2007/07/03/a-3d-no-really-its-3d/</a></p>]]></description>
         <link>http://www.kingda.org/archives/kingda/2007/07/3da.html</link>
         <guid>http://www.kingda.org/archives/kingda/2007/07/3da.html</guid>
         <category>优秀源码&amp;组件</category>
         <pubDate>Fri, 06 Jul 2007 09:27:44 +0800</pubDate>
      </item>
            <item>
         <title>ActionScript3中文帮助(PDF&amp;CHM)</title>
         <description><![CDATA[<p>官方的下载地址（PDF格式）：<br />
<a href="http://livedocs.adobe.com/flash/9.0_cn/main/flash_as3_programming.pdf">ActionScript 3.0 编程</a><br />
<a href="http://livedocs.adobe.com/flash/9.0_cn/main/flash_as3_components_help.pdf">ActionScript 3.0 组件帮助</a><br />
<a href="http://livedocs.adobe.com/flash/9.0_cn/flvencoder/flash_video_encoder_help.pdf">Flash Video Encoder 用户手册</a></p>

<p>还有热心的Roading兄弟所做的<a href="http://www.roading.net/blog/post_177.html">CHM版语言参考</a>，用起来很方便：<br />
下载地址：<br />
(文件大小,4.03m):<a href="http://roading.net/download/help/as3helpcn.chm  ">http://roading.net/download/help/as3helpcn.chm  </a></p>]]></description>
         <link>http://www.kingda.org/archives/kingda/2007/07/actionscript3pdfchm.html</link>
         <guid>http://www.kingda.org/archives/kingda/2007/07/actionscript3pdfchm.html</guid>
         <category>Flash前沿动态</category>
         <pubDate>Fri, 06 Jul 2007 09:20:32 +0800</pubDate>
      </item>
            <item>
         <title>RIA欣赏：六个必看的AIR（Apollo）程序（附下载）</title>
         <description><![CDATA[<p>官方的几个样本程序，没几个好看的。看不太出来AIR的优势和美丽。<br />
来看看这6个精彩的AIR程序。<br />
</p>]]></description>
         <link>http://www.kingda.org/archives/kingda/2007/06/riaairapollo.html</link>
         <guid>http://www.kingda.org/archives/kingda/2007/06/riaairapollo.html</guid>
         <category>Apollo</category>
         <pubDate>Fri, 22 Jun 2007 15:50:17 +0800</pubDate>
      </item>
            <item>
         <title>Flex 3 Beta的新特性简介！（附开发时间表）</title>
         <description><![CDATA[<p><a href="http://labs.adobe.com/technologies/flex/flexbuilder3/">Flex 3 Beta</a>终于发布了。它有不少激动人心的特性。<br />
各位看官，请看：</p>]]></description>
         <link>http://www.kingda.org/archives/kingda/2007/06/flex_3_beta.html</link>
         <guid>http://www.kingda.org/archives/kingda/2007/06/flex_3_beta.html</guid>
         <category>Flash前沿动态</category>
         <pubDate>Mon, 11 Jun 2007 12:24:53 +0800</pubDate>
      </item>
            <item>
         <title>Flex3和AIR(以前的Apollo)Beta版发布！（有下载）</title>
         <description><![CDATA[<p>今天12:00整发布了！！<br />
<img alt="flex.png" src="http://www.kingda.org/archives/kingda/img/flex.png" width="237" height="167" /><br />
惊喜！<br />
<li><a href="http://labs.adobe.com/technologies/flex/">Flex 3 Beta</a></li><br />
<li><a href="http://labs.adobe.com/technologies/air/">Adobe Integrated Runtime (AIR)</a>,即以前的Apollo</li><br />
<li><a href="http://labs.adobe.com/technologies/coldfusion8/">ColdFusion 8 beta</a></li></p>

<p>Flash历史上值得纪念的发布！Flex 3 + Apollo Beta!<br />
Apollo正式更名为Adobe Integrated Runtime (AIR)！<br />
Flex 3 下载页面：<a href="http://labs.adobe.com/technologies/flex/flexbuilder3/">http://labs.adobe.com/technologies/flex/flexbuilder3/</a><br />
Flex 3开源时间表：将在2007年年底全面转变成一个Open Source Project！详细信息见：<br />
<a href="http://labs.adobe.com/wiki/index.php/Flex:Open_Source">http://labs.adobe.com/wiki/index.php/Flex:Open_Source</a></p>

<p>空前的强大组合，跨浏览器跨平台的下一代RIA开发套件！<br />
感谢Adobe所有勤奋的工程师，感谢微软和Sun的步步紧逼，下一代的互联网应用程序被你们揭开了面纱！</p>]]></description>
         <link>http://www.kingda.org/archives/kingda/2007/06/flex3airapollobeta.html</link>
         <guid>http://www.kingda.org/archives/kingda/2007/06/flex3airapollobeta.html</guid>
         <category>Flash前沿动态</category>
         <pubDate>Mon, 11 Jun 2007 12:15:01 +0800</pubDate>
      </item>
            <item>
         <title>Adobe神秘新作发布倒计时</title>
         <description><![CDATA[<p>呵呵，就在今天，我们就可以看到下一代的RIA（Apollo）开发工具<br />
今天发布的到底是Flex 3还是<br />
Flex3 + Apollo Beta？<br />
拭目以待！<br />
倒计时2小时零20分左右。<br />
一起等待...</p>]]></description>
         <link>http://www.kingda.org/archives/kingda/2007/06/adobe.html</link>
         <guid>http://www.kingda.org/archives/kingda/2007/06/adobe.html</guid>
         <category>Flash前沿动态</category>
         <pubDate>Mon, 11 Jun 2007 09:43:21 +0800</pubDate>
      </item>
            <item>
         <title>Flex3 即将登场！Google Gear蓄势待发！</title>
         <description><![CDATA[<p><a href="http://www.onflex.org/ted/2007/06/flex-3-details-next-week.php">Ted patrick</a>透出消息，Flex 3将在下周左右登场亮相。<br />
关于Flex3，黑羽一直在关注。(见之前这篇<a href="http://www.kingda.org/archives/kingda/2007/01/flex3.html">文章</a>)我的预测是Flex3将成为正式版Apollo的开发环境，和Flash, Apollo紧密的结合在一块儿。<br />
环顾四周，微软早有WPF，java刚刚推出<a href="http://www.kingda.org/archives/kingda/2007/05/riajavafx.html">JavaFX</a>，如今Google在昨天也推出了网络程序离线环境<a href="http://gears.google.com/">Google Gear</a>。<br />
Adobe的Apollo理念得到了这些巨头的认同和追赶！新一代的网络RIA程序，跨越浏览器到达桌面。<br />
群雄大战正式开始！！</p>

<p>Flex3下周即将公布的细节：<br />
1.新的组件和新特色功能<br />
2.“Game changing”的平台兼容性。(不知具体含义 :( )<br />
看这样的开发速度，年内有望见到Beta版。开心。<br />
</p>]]></description>
         <link>http://www.kingda.org/archives/kingda/2007/06/flex3_google_gear.html</link>
         <guid>http://www.kingda.org/archives/kingda/2007/06/flex3_google_gear.html</guid>
         <category>Flex</category>
         <pubDate>Sat, 02 Jun 2007 11:51:18 +0800</pubDate>
      </item>
            <item>
         <title>一些有趣的AS3应用和源码下载</title>
         <description><![CDATA[<p><a href="http://www.bytearray.org">www.bytearray.org</a>是一个非常不错的原创站点，有一些有趣的AS3开源项目。<br />
说几个有趣的东西给大家瞧瞧（页面中都有源码下载）：<br />
第一个，<a href="http://www.bytearray.org/?p=91">Flash识别鼠标手势</a>。<br />
<a href="http://www.foxaweb.com/demos/mousegesture/GestureDemo.swf">点这儿直接观看演示</a><br />
目前可以识别用鼠标画出的大小写字母，和阿拉伯数字。<br />
黑羽试用了一下，还不错识别率还可以。但是对阿拉伯数字1和I分辨的就不怎么好了。<br />
算是一个尝试吧。用这个来做验证码挺好，不准别人用输入框输入了，直接用鼠标在上面画，哈哈。</p>

<p>第二个，<a href="http://www.bytearray.org/?p=93">GIF 动画编码器</a><br />
Jpeg,png编码是早就有了，GIF动画文件编码器第一次看到。</p>

<p>第三个，<a href="http://www.bytearray.org/?p=77">高效率的AS3翻页组件</a><br />
<a href="http://www.foxaweb.com/demos/as3/pageflip/PageFlip.swf">观看演示</a><br />
翻页的东西做的人太多了。但向bytearray这样用AS3的一些底层绘制函数的实现的不多，他的代码又比较简洁直观，值得借鉴。<br />
</p>]]></description>
         <link>http://www.kingda.org/archives/kingda/2007/05/as3_2.html</link>
         <guid>http://www.kingda.org/archives/kingda/2007/05/as3_2.html</guid>
         <category>优秀源码&amp;组件</category>
         <pubDate>Sat, 26 May 2007 02:29:08 +0800</pubDate>
      </item>
            <item>
         <title>我的最爱《星际争霸2》归来！！Starcraft II(视频和截图)</title>
         <description><![CDATA[<p><object width="425" height="350"><param name="movie" value="http://www.youtube.com/v/aUXoekeDIW8"></param><param name="wmode" value="transparent"></param><embed src="http://www.youtube.com/v/aUXoekeDIW8" type="application/x-shockwave-flash" wmode="transparent" width="425" height="350"></embed></object></p>

<p><img src='http://media.ign.com/thumb/199/1997164/starcraft-2-20070519000501107_thumb.jpg'/><br />
<a href="http://media.pc.ign.com/media/850/850126/imgs_1.html"><strong>星际争霸2截图</strong></a><br />
<strong>今天下午2点，暴雪邀请赛终于公布了神秘新作<br />
《Starcraft II》。</strong></p>

<p>高清晰视频已经发布，加上小道视频一共七个，这儿是BT种子，<a href="http://new.yaoyuan.com/download/bt/SC2_20070519.torrent">点此下载</a><br />
10年，整整10年时间了。星际做为一个游戏的成功，已经不需多言！<br />
迄今没有一个游戏像星际这样能够10年长盛不衰！<br />
没有一个游戏像星际这样可以拥有一个国家（韩国）的狂热！产生如此之多的职业玩家！<br />
没有一个游戏像星际这样拥有许多死忠级别的玩家！</p>

<p>而星际的生命力似乎并没有任何减退，众多职业大师已经将星际的战术思想发展到棋术的级别，并比棋术有着更加具体生动的直观表现。到目前为止，对战游戏中，能够真正体现围棋思想，真正体现兵法战术的，非星际莫属！！</p>

<p>我所知道的很多玩家一旦工作成家，以前的游戏基本收起。偶尔玩起来也觉得幼稚，思想深度不能跟上实际的生活。但我所知道的娶妻生子的星际玩家不在少数，只要看VOD的，就鲜有厌倦之趋势。玩星际在8年以上的玩家比比皆是！</p>

<p>在目前众多华丽游戏的外表下，很难找到一个游戏有着星际这种深邃的内涵。大部分游戏只是浅显的感官刺激和兼备社交功能的娱乐而已。我所知道的星际，其严肃性远远不像一个游戏，其满足感也远远超过一个游戏。别的游戏玩家可能很难理解一个星际玩家对游戏的投入，对成败的看重，对战术的狂喜。看看网上，星际的生活哲学，以星际为例子的OOP程序思想教学，以星际为背景的n多部小说。。。这一个游戏已经远远超出了其娱乐范畴，似乎成为了一种文化。一个游戏所表现的深度达到如此地步，不得不叫人赞叹！</p>

<p>星际对我和我很多朋友而言，已经不仅仅是一个游戏。它不仅负载着那一段段美好的大学记忆，更是我们生活的热情、思考的深度在虚拟世界中的镜像！</p>

<p>星际争霸2来了，不知是怎样的改动？可能是带来更加激动人心的操作便利和对战元素，使星际职业化联赛更加成熟；也有可能分流现有的星际联赛人气，导致青黄不接。虽有些许担忧，但我相信暴雪对游戏的深刻理解。暴雪的副总裁本身也是星际的死忠玩家！</p>

<p>星际争霸2出了，谨以此文献给所有热爱星际争霸的玩家！<br />
（P.S，希望大家同时去挽留为星际争霸付出甚多的中国星际战术大师——XD=Love。他被人中伤，心灰意冷要退出星坛。希望大家给他鼓励。不管在任何地方，任何职业，能够做到全身心的投入的人们都值得尊重！ 详细原因和XD=Love介绍：<a href="http://blog.sina.com.cn/u/49ab9f1a010009iu">http://blog.sina.com.cn/u/49ab9f1a010009iu</a>）</p>

<p>（点击进入全文，观看更多视频和星际争霸截图！）</p>]]></description>
         <link>http://www.kingda.org/archives/kingda/2007/05/2starcraft_ii.html</link>
         <guid>http://www.kingda.org/archives/kingda/2007/05/2starcraft_ii.html</guid>
         <category>流水帐</category>
         <pubDate>Sat, 19 May 2007 16:00:32 +0800</pubDate>
      </item>
            <item>
         <title>又一个强大的RIA竞争对手？JavaFX</title>
         <description><![CDATA[<p>继微软的WPF之后，Sun公司昨日宣布了一项名为<a href="http://java.sun.com/javafx/">JavaFX</a>的开源技术。<br />
该技术也可以做出有动画效果的桌面程序。点此下载并观看JavaFX模仿2advanced摩托罗拉手机网站的程序：<br />
<a href="http://download.java.net/general/openjfx/demos/studiomoto.jnlp"><u>JavaFX Script Studiomoto Demo</u></a>。<br />
需要JRE1.5以上的支持：<a href="http://java.sun.com/javase/downloads/">点此进入Sun下载页面</a><br />
<img alt="javafxscript_large.jpg" src="http://www.kingda.org/archives/kingda/img/javafxscript_large.jpg" width="418" height="260" /></p>

<p>该技术的语言也是一种脚本语言，JavaFX Script。需要JRE(Java RunTime )1.5以上的支持。黑羽使用了一下，目前感觉就像是尖括号改成了花括号的Flex MXML，呵呵。也支持一些滤镜，一些动画效果。<br />
虽然目前是雏形，但俺一直看好Java社区蓬勃的生命力。JavaFX可以发展成怎样，也未可知。而且Sun已经出了一个开源站点：<a href="https://openjfx.dev.java.net/">OpenJFX</a></p>

<p>况且，这对目前独大的Adobe Flex也是一种很好的良性竞争。或许，正是JavaFX的开源推出，才导致Adobe提前宣布“将要”开源Flex呢！因为这个时间点实在太有意思了，赶在人家推出JavaFX的前几周，发出声明说自己“要”开源。这是一个将来时，而不是一个现在时。</p>

<p>有人已经在想，Apple什么时候推出基于QuickTime的RIA技术呢，哈哈。RIA的大潮已经汹涌而来乐，又一次网络技术革命正在水面之下翻滚蓄势。<br />
学于此时，不亦乐乎！</p>]]></description>
         <link>http://www.kingda.org/archives/kingda/2007/05/riajavafx.html</link>
         <guid>http://www.kingda.org/archives/kingda/2007/05/riajavafx.html</guid>
         <category>Flash前沿动态</category>
         <pubDate>Thu, 10 May 2007 12:00:25 +0800</pubDate>
      </item>
            <item>
         <title>【黑羽】ActionScript 3 教程全集</title>
         <description><![CDATA[<p>昨晚整理了一下已发过的系列教程，包括外面网站漏转载的几个外篇。</p>

<p>最近很忙，五一有空时再写一些有趣的东东或教程给大家看。大家前段时间发信或者博客上留言的问题我都尽量解答了。不过信件越来越多，真的没有时间一一答复了。而且问的问题重复的也慢慢多了，因此整理了这么一个全集，方便大家查找。</p>

<p><span class='highlight'>（日后教程如有添加，本页会持续更新）</span></p>

<p></p>

<p><br />
</p>]]></description>
         <link>http://www.kingda.org/archives/kingda/2007/04/actionscript_3.html</link>
         <guid>http://www.kingda.org/archives/kingda/2007/04/actionscript_3.html</guid>
         <category>Action Script 3 教程</category>
         <pubDate>Thu, 26 Apr 2007 11:15:17 +0800</pubDate>
      </item>
            <item>
         <title>超有用的Flex Component Kit for Flash CS3</title>
         <description><![CDATA[<p>真是不可不介绍啊。<br />
有了这个东东，Flash CS3中任意一个MovieClip都可以轻松输出成SWC文件，在Flex中使用。<br />
省时省力！有了这个，炫目的Flex应用程序指日可待！<br />
原理：实际上是将选定的MovieClip编译成UIMovieClip的一个子类，从而与Flex完全兼容，和Flex里面的容器类一般。</p>

<p>页面：<a href="http://labs.adobe.com/wiki/index.php/Flex_Component_Kit_for_Flash_CS3">http://labs.adobe.com/wiki/index.php/Flex_Component_Kit_for_Flash_CS3</a><br />
下载：<a href="http://download.macromedia.com/pub/labs/flex_flash_integrationkit/flex_component_kit_042307.mxp">http://download.macromedia.com/pub/labs/flex_flash_integrationkit/flex_component_kit_042307.mxp</a></p>

<p>(这段时间较忙，更新要慢些喽。-_-b...)</p>]]></description>
         <link>http://www.kingda.org/archives/kingda/2007/04/flex_component_kit_for_flash_c.html</link>
         <guid>http://www.kingda.org/archives/kingda/2007/04/flex_component_kit_for_flash_c.html</guid>
         <category>Flex</category>
         <pubDate>Wed, 25 Apr 2007 00:05:26 +0800</pubDate>
      </item>
            <item>
         <title>试用Flash CS3中...</title>
         <description><![CDATA[<p>哈哈，到手了，30天试用版到手了。<br />
导入功能导入PSD感觉真不错，连图层的名字都保留了。<br />
待有空写篇报告。<br />
图片：<br />
<img alt="flashcs3.JPG" src="http://www.kingda.org/blog/flashcs3.JPG" width="512" height="384" /></p>

<p>据<a href='www.dengjie.com'>Danger</a>兄的提示，点击帮助中标题的"@",果然出现了彩蛋。<br />
挑了一个亚裔MM,截给大家看。<br />
<img alt="flashcs3_caidan.JPG" src="http://www.kingda.org/blog/flashcs3_caidan.JPG" width="577" height="384" /></p>

<p><br />
</p>]]></description>
         <link>http://www.kingda.org/archives/kingda/2007/04/flash_cs3_2.html</link>
         <guid>http://www.kingda.org/archives/kingda/2007/04/flash_cs3_2.html</guid>
         <category>Flash前沿动态</category>
         <pubDate>Fri, 20 Apr 2007 00:07:00 +0800</pubDate>
      </item>
            <item>
         <title>Flex2重要的补丁！不可不打哦</title>
         <description><![CDATA[<p>补丁官方页面：<a href="http://www.adobe.com/cfusion/knowledgebase/index.cfm?id=kb401493"> Flex 2.0.1 patch for Flash CS3 Professional compatibility</a><br />
补丁下载：<a href="http://www.adobe.com/support/flex/ts/documents/kb401493/flex_201_patch_FINAL.zip">http://www.adobe.com/support/flex/ts/documents/kb401493/flex_201_patch_FINAL.zip</a></p>

<p>增加了对Flash CS3制作的swc组件的支持。从此，Flex builder2 可以使用Flash CS3制作的组件了。<br />
另外就是把播放器版本换到了9.0.45.0 也是为了兼容Flash CS3。见我前面的文章：<a href="http://www.kingda.org/archives/kingda/2007/04/flash_player.html">【重要】Flash player又升级了！</a></p>]]></description>
         <link>http://www.kingda.org/archives/kingda/2007/04/flex2.html</link>
         <guid>http://www.kingda.org/archives/kingda/2007/04/flex2.html</guid>
         <category>Flex</category>
         <pubDate>Tue, 17 Apr 2007 12:00:36 +0800</pubDate>
      </item>
            <item>
         <title>【黑羽】读Flash CS3文档之后想到的...</title>
         <description><![CDATA[<p><small>本博客所有文章欢迎转载，但请留下我的博客链接： <a href="http://www.kingda.org">www.kingda.org</a>， 谢谢</small></p>

<p>虽然Adobe正式发售了，但是网站上的试用版下载还是空着。国内也暂时买不到。<br />
想第一手知道何时可以下载到试用版的，和俺一样登个记吧，点击下面链接：<br />
<a href="http://www.adobe.com/cfusion/mmform/index.cfm?name=cs3_notify_me">http://www.adobe.com/cfusion/mmform/index.cfm?name=cs3_notify_me</a></p>

<p>看了新发布出来的Flash CS3的文档：<br />
<li><a href="http://livedocs.adobe.com/flash/9.0/UsingFlash/">Flash CS3使用帮助</a></li><br />
<li><a href="http://livedocs.adobe.com/flash/9.0/ActionScriptLangRefV3/">ActionScript 3.0和组件</a></li><br />
<li><a href="http://livedocs.adobe.com/flash/9.0/main/fl_filters_example.pdf">滤镜使用</a></li><br />
<li><a href="http://livedocs.adobe.com/flash/9.0/main/fl_bitmaps_example.pdf">位图操作</a></li><br />
黑羽倒是看出点道道来了....</p>

<p><b>没有什么惊喜，只有大大的惊讶。</b><br />
没想到真的和我早前收到的消息一致，多了fl.* package。虽然不是之前传言的是将flash.* package更名（如果那样太恐怖了，害死多少人哦）。<br />
让黑羽惊讶的是，fl.* package里面的东西也是寥寥无几，商业气味浓厚。对Video的支持和改进是重点，看fl.video包中吧，非常的丰厚。还有一个可爱小巧的fl.video.VideoPlayer类，黑羽非常喜欢。</p>

<p>至于，Flash CS3组件我就不敢恭维了......Flash CS3自带的组件居然和Flex的组件分开两家。我原本以为这么好的架构，完全可以统一的。<br />
现在想想，明白了，非技术之不能，乃商业之不可也。Flash要是都有Flex的组件了，那Flex还卖不卖了。Flash CS3的组件从功能到架构上都只能看作是Flex 组件的精简精简版，Basic版本。<br />
用不用Flash CS3的组件呢？对于普通爱好者来说，Flash CS3组件够用了。对商业开发来说，再使用Flash CS3来开发，就太痛苦了。但是对于商业开发来说，自建组件又是必要的。尤其是一些特殊的高级的组件，Flash CS3工具也是必不可少的。怎么办？只能两个都买....我的钱包啊<br />
Adobe的如意算盘，厉害厉害；开发者的钱包、呜呼哀哉。</p>

<p>Flash CS3最大的卖点也就是和Adobe各个工具的整合了。这对Designer来说绝对是个福音，也值得起银子。Photoshop和Illustrator都已经能很好的支持乐。就看黑羽最爱的AfterEffects能搞成啥样了，这个还没发布，再等等吧。这儿有AfterEffects的试用版，但说明不了问题。正式版怎样呢？不知道，走着瞧吧...</p>]]></description>
         <link>http://www.kingda.org/archives/kingda/2007/04/flash_cs3_1.html</link>
         <guid>http://www.kingda.org/archives/kingda/2007/04/flash_cs3_1.html</guid>
         <category>Flash前沿动态</category>
         <pubDate>Tue, 17 Apr 2007 09:04:27 +0800</pubDate>
      </item>
      
   </channel>
</rss>
