﻿<?xml version="1.0" encoding="UTF-8"?>
<!DOCTYPE xliff PUBLIC "-//XLIFF//DTD XLIFF//EN" "http://www.oasis-open.org/committees/xliff/documents/xliff.dtd" >
<pic>
<item>
<name>AS3handBooksV1.0</name>
<link>img/1.jpg</link>
<discription></discription>
</item>
<item>
<name>AS3handBooksV1.0</name>
<link>img/2.jpg</link>
<discription></discription>
</item>
<item>
<name>AS3handBooksV1.0</name>
<link>img/3.jpg</link>
<discription></discription>
</item>
<item>
<name>AS3handBooksV1.0</name>
<link>img/4.jpg</link>
<discription></discription>
</item>
<item>
<name>AS3handBooksV1.0</name>
<link>img/5.jpg</link>
<discription></discription>
</item>
<item>
<name>AS3handBooksV1.0</name>
<link>img/6.jpg</link>
<discription></discription>
</item>
</pic>