﻿<?xml version="1.0" encoding="utf-8" ?>
<data>
	<pages path="asset/ab01.jpg"></pages>
	<pages path="asset/ab02.jpg"></pages>
	<pages path="asset/ab03.jpg"></pages>
	<pages path="asset/ab04.jpg"></pages>
	<pages path="asset/ab01.jpg"></pages>
	<pages path="asset/ab02.jpg"></pages>
	<pages path="asset/ab03.jpg"></pages>
	<pages path="asset/ab04.jpg"></pages>
	<pages path="asset/ab01.jpg"></pages>
	<pages path="asset/ab02.jpg"></pages>
	<pages path="asset/ab03.jpg"></pages>
	<pages path="asset/ab04.jpg"></pages>
	<pages path="asset/ab01.jpg"></pages>
	<pages path="asset/ab02.jpg"></pages>
	<pages path="asset/ab03.jpg"></pages>
	<pages path="asset/ab04.jpg"></pages>
</data>