{
"meta":{"scale":1,"version":"1.0","image":"SWF_LoginView.png","size":{"w":2048,"h":1024},"format":"RGBA8888"},
"frames":{
"img_BG.png":{"frame":{"x":0,"y":268,"w":1139,"h":640},"spriteSourceSize":{"x":0,"y":0,"w":1139,"h":640},"sourceSize":{"w":1139,"h":640},"trimmed":true,"rotated":false},
"img_tmp2.png":{"frame":{"x":345,"y":0,"w":375,"h":49},"spriteSourceSize":{"x":0,"y":0,"w":375,"h":49},"sourceSize":{"w":375,"h":49},"trimmed":true,"rotated":false},
"img_透明.png":{"frame":{"x":0,"y":196,"w":0,"h":0},"spriteSourceSize":{"x":0,"y":0,"w":0,"h":0},"sourceSize":{"w":0,"h":0},"trimmed":true,"rotated":false},
"img_TX登录.png":{"frame":{"x":645,"y":98,"w":123,"h":53},"spriteSourceSize":{"x":0,"y":0,"w":123,"h":53},"sourceSize":{"w":123,"h":53},"trimmed":true,"rotated":false},
"img_ani5.png":{"frame":{"x":722,"y":0,"w":98,"h":96},"spriteSourceSize":{"x":0,"y":0,"w":98,"h":96},"sourceSize":{"w":98,"h":96},"trimmed":true,"rotated":false},
"img_ani1.png":{"frame":{"x":345,"y":51,"w":111,"h":97},"spriteSourceSize":{"x":0,"y":0,"w":111,"h":97},"sourceSize":{"w":111,"h":97},"trimmed":true,"rotated":false},
"img_tmp1.png":{"frame":{"x":822,"y":0,"w":372,"h":127},"spriteSourceSize":{"x":0,"y":0,"w":372,"h":127},"sourceSize":{"w":372,"h":127},"trimmed":true,"rotated":false},
"img_ani6.png":{"frame":{"x":458,"y":51,"w":97,"h":96},"spriteSourceSize":{"x":0,"y":0,"w":97,"h":96},"sourceSize":{"w":97,"h":96},"trimmed":true,"rotated":false},
"img_公告nor.png":{"frame":{"x":557,"y":51,"w":86,"h":87},"spriteSourceSize":{"x":0,"y":0,"w":86,"h":87},"sourceSize":{"w":86,"h":87},"trimmed":true,"rotated":false},
"img_btn_nor.png":{"frame":{"x":100,"y":0,"w":243,"h":266},"spriteSourceSize":{"x":0,"y":0,"w":243,"h":266},"sourceSize":{"w":243,"h":266},"trimmed":true,"rotated":false},
"img_ani3.png":{"frame":{"x":0,"y":0,"w":98,"h":96},"spriteSourceSize":{"x":0,"y":0,"w":98,"h":96},"sourceSize":{"w":98,"h":96},"trimmed":true,"rotated":false},
"img_ani4.png":{"frame":{"x":0,"y":98,"w":98,"h":96},"spriteSourceSize":{"x":0,"y":0,"w":98,"h":96},"sourceSize":{"w":98,"h":96},"trimmed":true,"rotated":false},
"img_ani2.png":{"frame":{"x":458,"y":149,"w":99,"h":99},"spriteSourceSize":{"x":0,"y":0,"w":99,"h":99},"sourceSize":{"w":99,"h":99},"trimmed":true,"rotated":false}}}