<TextureAtlas imagePath="SWF_LoginView.png">
  <SubTexture name="img_tmp2" x="0" y="0" width="375" height="49" frameX="0" frameWidth="377" frameY="0" frameHeight="49"/>
  <SubTexture name="img_ani5" x="0" y="51" width="98" height="96" frameX="-8" frameWidth="106" frameY="-16" frameHeight="116"/>
  <SubTexture name="img_ani6" x="100" y="51" width="97" height="96" frameX="-1" frameWidth="115" frameY="-61" frameHeight="166"/>
  <SubTexture name="img_ani3" x="199" y="51" width="98" height="96" frameX="-2" frameWidth="116" frameY="-37" frameHeight="144"/>
  <SubTexture name="img_BG" x="0" y="149" width="1139" height="640"/>
  <SubTexture name="img_公告nor" x="377" y="0" width="86" height="87" frameX="0" frameWidth="87" frameY="0" frameHeight="89"/>
  <SubTexture name="img_TX登录" x="465" y="51" width="123" height="53"/>
  <SubTexture name="img_ani2" x="590" y="0" width="99" height="99" frameX="-4" frameWidth="109" frameY="-36" frameHeight="144"/>
  <SubTexture name="img_tmp1" x="691" y="0" width="372" height="127" frameX="0" frameWidth="372" frameY="0" frameHeight="129"/>
  <SubTexture name="img_ani1" x="1065" y="0" width="111" height="97" frameX="0" frameWidth="112" frameY="-1" frameHeight="108"/>
  <SubTexture name="img_透明" x="299" y="51" width="0" height="0" frameX="0" frameWidth="50" frameY="0" frameHeight="50"/>
  <SubTexture name="img_ani4" x="1141" y="99" width="98" height="96" frameX="-3" frameWidth="106" frameY="-17" frameHeight="122"/>
  <SubTexture name="img_btn_nor" x="1178" y="197" width="243" height="266" frameX="0" frameWidth="244" frameY="-1" frameHeight="268"/>
</TextureAtlas>