﻿<?xml version="1.0" encoding="UTF-8"?>
<book>
	<!--SOME SETTINGS-->
	<Setting
          
          PDF="pdf/book1.pdf"
          BackgroundColor="0x666666"
          ZoomOutScale="1"
          ZoomInScale="1.5"

         />


         <!--IMAGE OR SWF FILE PATH-->
	        

         <FilePath Path="book/book1/1.jpg"/>
         <FilePath Path="book/book1/2.jpg"/>
         <FilePath Path="book/book1/3.jpg"/>
<FilePath Path="book/book1/4.jpg"/>
<FilePath Path="book/book1/5.jpg"/>
<FilePath Path="book/book1/6.jpg"/>
<FilePath Path="book/book1/7.jpg"/>
<FilePath Path="book/book1/8.jpg"/>
      

         
        
     
 
</book>
